id,data,datasets_type,severity,status,description,reported_by,created_at
1,dataset_1,Text,High,Failed,Description for dataset 1,Eve,2025-01-08 15:31:00
2,dataset_2,Audio,High,Open,Description for dataset 2,Frank,2025-01-11 17:43:00
3,dataset_3,Sensor,High,Open,Description for dataset 3,Bob,2025-03-07 01:34:00
4,dataset_4,Video,Critical,Completed,Description for dataset 4,David,2025-02-28 02:59:00
5,dataset_5,Sensor,Critical,Open,Description for dataset 5,Frank,2025-02-15 01:59:00
6,dataset_6,Tabular,Low,Processing,Description for dataset 6,Alice,2025-03-27 22:30:00
7,dataset_7,Image,High,Completed,Description for dataset 7,Charlie,2025-01-24 23:07:00
8,dataset_8,Image,Critical,Failed,Description for dataset 8,Grace,2025-03-12 05:49:00
9,dataset_9,Audio,High,Processing,Description for dataset 9,David,2025-02-10 22:00:00
10,dataset_10,Text,High,Processing,Description for dataset 10,Grace,2025-03-07 05:34:00
11,dataset_11,Video,Low,Failed,Description for dataset 11,Bob,2025-02-26 12:43:00
12,dataset_12,Tabular,Medium,Processing,Description for dataset 12,Alice,2025-01-03 01:35:00
13,dataset_13,Text,Low,Failed,Description for dataset 13,Charlie,2025-02-09 16:04:00
14,dataset_14,Text,Low,Open,Description for dataset 14,David,2025-01-06 06:06:00
15,dataset_15,Tabular,Critical,Completed,Description for dataset 15,Eve,2025-01-12 05:01:00
16,dataset_16,Image,Low,Completed,Description for dataset 16,Grace,2025-01-22 15:50:00
17,dataset_17,Image,Critical,Open,Description for dataset 17,Charlie,2025-01-29 13:59:00
18,dataset_18,Sensor,High,Open,Description for dataset 18,David,2025-01-27 13:21:00
19,dataset_19,Tabular,Medium,Open,Description for dataset 19,Alice,2025-03-28 01:46:00
20,dataset_20,Tabular,High,Failed,Description for dataset 20,Alice,2025-02-21 11:33:00
21,dataset_21,Text,Low,Open,Description for dataset 21,Grace,2025-02-14 08:17:00
22,dataset_22,Text,High,Open,Description for dataset 22,Bob,2025-03-13 11:15:00
23,dataset_23,Video,Critical,Failed,Description for dataset 23,Eve,2025-01-26 08:52:00
24,dataset_24,Audio,Critical,Failed,Description for dataset 24,Alice,2025-01-16 10:16:00
25,dataset_25,Text,High,Completed,Description for dataset 25,Bob,2025-01-30 11:04:00
26,dataset_26,Sensor,Critical,Open,Description for dataset 26,Grace,2025-01-01 17:50:00
27,dataset_27,Image,Medium,Completed,Description for dataset 27,Charlie,2025-02-06 22:21:00
28,dataset_28,Image,Medium,Completed,Description for dataset 28,Grace,2025-03-31 16:21:00
29,dataset_29,Text,Critical,Processing,Description for dataset 29,Frank,2025-03-08 15:42:00
30,dataset_30,Text,Low,Failed,Description for dataset 30,Grace,2025-01-21 12:11:00
31,dataset_31,Sensor,High,Failed,Description for dataset 31,Alice,2025-02-22 01:57:00
32,dataset_32,Sensor,Low,Failed,Description for dataset 32,Alice,2025-01-04 21:40:00
33,dataset_33,Image,Medium,Failed,Description for dataset 33,Grace,2025-02-12 06:12:00
34,dataset_34,Sensor,Low,Failed,Description for dataset 34,Eve,2025-02-28 02:36:00
35,dataset_35,Image,Medium,Processing,Description for dataset 35,Frank,2025-03-07 07:45:00
36,dataset_36,Image,Low,Failed,Description for dataset 36,Grace,2025-01-24 23:15:00
37,dataset_37,Video,High,Processing,Description for dataset 37,Bob,2025-03-30 06:55:00
38,dataset_38,Tabular,Medium,Processing,Description for dataset 38,Grace,2025-01-18 21:40:00
39,dataset_39,Audio,Low,Processing,Description for dataset 39,Frank,2025-02-23 16:55:00
40,dataset_40,Text,Critical,Processing,Description for dataset 40,Alice,2025-03-07 18:29:00
41,dataset_41,Video,High,Open,Description for dataset 41,Frank,2025-01-23 02:05:00
42,dataset_42,Sensor,High,Failed,Description for dataset 42,David,2025-02-19 02:51:00
43,dataset_43,Tabular,Critical,Completed,Description for dataset 43,Bob,2025-02-21 03:12:00
44,dataset_44,Image,High,Processing,Description for dataset 44,Frank,2025-03-20 12:17:00
45,dataset_45,Video,Medium,Completed,Description for dataset 45,David,2025-01-01 15:51:00
46,dataset_46,Sensor,Critical,Failed,Description for dataset 46,Grace,2025-03-29 11:09:00
47,dataset_47,Sensor,Low,Processing,Description for dataset 47,David,2025-01-02 02:27:00
48,dataset_48,Tabular,Medium,Open,Description for dataset 48,Eve,2025-01-16 09:39:00
49,dataset_49,Text,Low,Processing,Description for dataset 49,Frank,2025-01-10 18:10:00
50,dataset_50,Text,Critical,Completed,Description for dataset 50,Frank,2025-02-16 04:17:00
51,dataset_51,Text,Low,Processing,Description for dataset 51,Eve,2025-02-06 10:45:00
52,dataset_52,Tabular,Medium,Processing,Description for dataset 52,Grace,2025-01-11 18:57:00
53,dataset_53,Text,Critical,Open,Description for dataset 53,David,2025-02-12 02:56:00
54,dataset_54,Tabular,Medium,Open,Description for dataset 54,Bob,2025-02-03 02:14:00
55,dataset_55,Image,High,Open,Description for dataset 55,Alice,2025-02-13 09:15:00
56,dataset_56,Text,High,Open,Description for dataset 56,Alice,2025-03-25 20:45:00
57,dataset_57,Audio,Medium,Open,Description for dataset 57,Charlie,2025-01-06 12:35:00
58,dataset_58,Image,Medium,Processing,Description for dataset 58,Eve,2025-01-23 13:13:00
59,dataset_59,Tabular,Low,Completed,Description for dataset 59,Eve,2025-01-13 02:58:00
60,dataset_60,Tabular,Critical,Open,Description for dataset 60,Alice,2025-01-09 17:06:00
61,dataset_61,Tabular,Medium,Open,Description for dataset 61,Eve,2025-01-20 11:32:00
62,dataset_62,Sensor,High,Open,Description for dataset 62,Bob,2025-01-28 09:17:00
63,dataset_63,Sensor,Critical,Failed,Description for dataset 63,Grace,2025-03-22 09:33:00
64,dataset_64,Video,Critical,Processing,Description for dataset 64,Alice,2025-02-10 19:47:00
65,dataset_65,Audio,High,Processing,Description for dataset 65,Eve,2025-02-21 05:43:00
66,dataset_66,Video,Medium,Open,Description for dataset 66,David,2025-01-12 06:59:00
67,dataset_67,Sensor,Critical,Completed,Description for dataset 67,Eve,2025-02-02 03:43:00
68,dataset_68,Text,Low,Processing,Description for dataset 68,Frank,2025-01-11 20:53:00
69,dataset_69,Video,High,Open,Description for dataset 69,Frank,2025-01-23 12:31:00
70,dataset_70,Sensor,Medium,Open,Description for dataset 70,Frank,2025-02-27 06:10:00
71,dataset_71,Image,Critical,Open,Description for dataset 71,Grace,2025-01-15 21:48:00
72,dataset_72,Image,High,Failed,Description for dataset 72,Frank,2025-02-23 19:59:00
73,dataset_73,Tabular,High,Completed,Description for dataset 73,Alice,2025-03-15 13:23:00
74,dataset_74,Video,Low,Processing,Description for dataset 74,Alice,2025-03-06 13:55:00
75,dataset_75,Image,Medium,Failed,Description for dataset 75,Frank,2025-03-27 13:19:00
76,dataset_76,Text,Critical,Open,Description for dataset 76,Charlie,2025-01-22 15:32:00
77,dataset_77,Text,Medium,Open,Description for dataset 77,Eve,2025-01-12 06:08:00
78,dataset_78,Image,Medium,Completed,Description for dataset 78,Bob,2025-02-22 00:49:00
79,dataset_79,Sensor,High,Completed,Description for dataset 79,Grace,2025-03-14 04:27:00
80,dataset_80,Sensor,Critical,Processing,Description for dataset 80,Bob,2025-02-28 19:12:00
81,dataset_81,Sensor,High,Failed,Description for dataset 81,Eve,2025-03-22 22:49:00
82,dataset_82,Sensor,High,Open,Description for dataset 82,Charlie,2025-02-06 01:25:00
83,dataset_83,Text,Critical,Processing,Description for dataset 83,Alice,2025-02-11 00:52:00
84,dataset_84,Image,Low,Processing,Description for dataset 84,Alice,2025-02-07 16:45:00
85,dataset_85,Text,Critical,Completed,Description for dataset 85,Eve,2025-01-04 14:48:00
86,dataset_86,Tabular,Low,Open,Description for dataset 86,Charlie,2025-03-08 08:37:00
87,dataset_87,Audio,Low,Open,Description for dataset 87,David,2025-02-28 08:40:00
88,dataset_88,Tabular,Critical,Completed,Description for dataset 88,Charlie,2025-03-02 12:09:00
89,dataset_89,Video,Low,Failed,Description for dataset 89,Charlie,2025-01-07 11:34:00
90,dataset_90,Sensor,Medium,Failed,Description for dataset 90,Bob,2025-02-09 07:12:00
91,dataset_91,Text,Critical,Processing,Description for dataset 91,Alice,2025-02-17 00:01:00
92,dataset_92,Text,Critical,Failed,Description for dataset 92,Frank,2025-01-22 01:48:00
93,dataset_93,Tabular,High,Open,Description for dataset 93,Alice,2025-03-12 21:16:00
94,dataset_94,Sensor,High,Failed,Description for dataset 94,Alice,2025-01-11 17:01:00
95,dataset_95,Audio,High,Processing,Description for dataset 95,Charlie,2025-01-31 07:46:00
96,dataset_96,Audio,High,Processing,Description for dataset 96,Grace,2025-02-26 02:59:00
97,dataset_97,Text,Low,Open,Description for dataset 97,Charlie,2025-02-22 23:02:00
98,dataset_98,Text,Medium,Failed,Description for dataset 98,Eve,2025-02-09 18:26:00
99,dataset_99,Audio,Critical,Open,Description for dataset 99,Grace,2025-01-28 21:17:00
100,dataset_100,Video,Medium,Processing,Description for dataset 100,Bob,2025-01-29 10:34:00
101,dataset_101,Sensor,Critical,Failed,Description for dataset 101,David,2025-03-02 19:10:00
102,dataset_102,Audio,High,Completed,Description for dataset 102,Bob,2025-03-24 23:04:00
103,dataset_103,Image,Critical,Completed,Description for dataset 103,Bob,2025-02-08 04:02:00
104,dataset_104,Text,Critical,Completed,Description for dataset 104,Bob,2025-01-31 20:04:00
105,dataset_105,Tabular,Medium,Failed,Description for dataset 105,Eve,2025-02-26 12:44:00
106,dataset_106,Text,Low,Completed,Description for dataset 106,Charlie,2025-01-10 06:58:00
107,dataset_107,Text,High,Open,Description for dataset 107,David,2025-02-07 14:19:00
108,dataset_108,Video,Medium,Open,Description for dataset 108,Bob,2025-02-22 06:23:00
109,dataset_109,Image,Critical,Failed,Description for dataset 109,Charlie,2025-02-21 07:49:00
110,dataset_110,Image,Low,Completed,Description for dataset 110,Alice,2025-03-25 15:29:00
111,dataset_111,Tabular,Critical,Processing,Description for dataset 111,Frank,2025-03-06 08:14:00
112,dataset_112,Video,High,Failed,Description for dataset 112,Grace,2025-02-26 12:49:00
113,dataset_113,Sensor,High,Processing,Description for dataset 113,Eve,2025-01-13 09:30:00
114,dataset_114,Video,High,Completed,Description for dataset 114,David,2025-03-03 12:16:00
115,dataset_115,Sensor,High,Completed,Description for dataset 115,David,2025-01-04 20:33:00
116,dataset_116,Text,Low,Failed,Description for dataset 116,Eve,2025-01-01 18:36:00
117,dataset_117,Sensor,Low,Completed,Description for dataset 117,Alice,2025-03-29 06:06:00
118,dataset_118,Image,Medium,Open,Description for dataset 118,Charlie,2025-02-18 18:30:00
119,dataset_119,Video,High,Processing,Description for dataset 119,David,2025-03-10 18:20:00
120,dataset_120,Text,High,Failed,Description for dataset 120,Frank,2025-01-30 05:37:00
121,dataset_121,Tabular,Critical,Open,Description for dataset 121,Grace,2025-02-06 07:55:00
122,dataset_122,Image,Critical,Completed,Description for dataset 122,Eve,2025-03-05 23:17:00
123,dataset_123,Sensor,High,Processing,Description for dataset 123,Bob,2025-02-03 18:50:00
124,dataset_124,Image,High,Failed,Description for dataset 124,Charlie,2025-02-03 09:53:00
125,dataset_125,Video,Low,Completed,Description for dataset 125,Eve,2025-01-13 12:34:00
126,dataset_126,Video,Medium,Processing,Description for dataset 126,Grace,2025-02-19 12:36:00
127,dataset_127,Tabular,Medium,Processing,Description for dataset 127,Eve,2025-01-07 18:31:00
128,dataset_128,Sensor,High,Processing,Description for dataset 128,Eve,2025-02-27 10:05:00
129,dataset_129,Video,Critical,Failed,Description for dataset 129,David,2025-01-20 11:06:00
130,dataset_130,Video,Medium,Failed,Description for dataset 130,Frank,2025-02-09 12:26:00
131,dataset_131,Text,Critical,Completed,Description for dataset 131,David,2025-02-12 19:15:00
132,dataset_132,Video,Low,Failed,Description for dataset 132,David,2025-02-27 05:47:00
133,dataset_133,Audio,Critical,Open,Description for dataset 133,David,2025-03-05 17:14:00
134,dataset_134,Text,High,Completed,Description for dataset 134,Frank,2025-03-24 22:41:00
135,dataset_135,Sensor,Low,Failed,Description for dataset 135,Grace,2025-03-07 07:15:00
136,dataset_136,Video,Low,Completed,Description for dataset 136,David,2025-02-01 20:50:00
137,dataset_137,Tabular,Critical,Completed,Description for dataset 137,Charlie,2025-02-12 19:28:00
138,dataset_138,Tabular,High,Open,Description for dataset 138,Eve,2025-01-23 05:32:00
139,dataset_139,Sensor,Critical,Open,Description for dataset 139,Eve,2025-03-10 20:02:00
140,dataset_140,Tabular,Medium,Failed,Description for dataset 140,Alice,2025-02-18 07:54:00
141,dataset_141,Sensor,High,Completed,Description for dataset 141,Eve,2025-03-27 19:51:00
142,dataset_142,Tabular,Medium,Failed,Description for dataset 142,Bob,2025-01-10 19:07:00
143,dataset_143,Sensor,High,Completed,Description for dataset 143,Bob,2025-01-24 21:12:00
144,dataset_144,Sensor,Low,Processing,Description for dataset 144,Alice,2025-02-17 11:12:00
145,dataset_145,Sensor,Medium,Processing,Description for dataset 145,Eve,2025-02-02 20:32:00
146,dataset_146,Audio,High,Open,Description for dataset 146,David,2025-03-17 18:38:00
147,dataset_147,Video,Medium,Completed,Description for dataset 147,Frank,2025-03-10 01:42:00
148,dataset_148,Video,Critical,Failed,Description for dataset 148,Charlie,2025-01-21 01:52:00
149,dataset_149,Sensor,High,Processing,Description for dataset 149,David,2025-02-09 15:09:00
150,dataset_150,Tabular,Low,Completed,Description for dataset 150,David,2025-01-05 09:35:00
151,dataset_151,Image,High,Completed,Description for dataset 151,David,2025-01-16 08:34:00
152,dataset_152,Text,Critical,Failed,Description for dataset 152,Frank,2025-02-22 12:08:00
153,dataset_153,Audio,Critical,Open,Description for dataset 153,Alice,2025-03-19 03:03:00
154,dataset_154,Tabular,Low,Open,Description for dataset 154,Charlie,2025-01-25 11:58:00
155,dataset_155,Image,Medium,Completed,Description for dataset 155,Bob,2025-02-19 13:16:00
156,dataset_156,Text,Critical,Completed,Description for dataset 156,Frank,2025-02-21 02:42:00
157,dataset_157,Video,High,Completed,Description for dataset 157,Bob,2025-01-20 08:16:00
158,dataset_158,Video,Critical,Failed,Description for dataset 158,Frank,2025-03-22 14:57:00
159,dataset_159,Image,Critical,Completed,Description for dataset 159,Bob,2025-02-27 06:50:00
160,dataset_160,Text,Medium,Processing,Description for dataset 160,Eve,2025-03-27 13:40:00
161,dataset_161,Image,Low,Completed,Description for dataset 161,Alice,2025-03-02 07:01:00
162,dataset_162,Tabular,Medium,Failed,Description for dataset 162,Bob,2025-02-27 08:22:00
163,dataset_163,Audio,Critical,Processing,Description for dataset 163,Bob,2025-03-04 21:40:00
164,dataset_164,Tabular,Medium,Open,Description for dataset 164,Frank,2025-02-03 14:46:00
165,dataset_165,Image,Critical,Processing,Description for dataset 165,Alice,2025-01-16 21:03:00
166,dataset_166,Video,High,Failed,Description for dataset 166,Alice,2025-02-14 15:28:00
167,dataset_167,Video,Critical,Completed,Description for dataset 167,Alice,2025-02-03 23:32:00
168,dataset_168,Sensor,Low,Failed,Description for dataset 168,David,2025-01-04 17:10:00
169,dataset_169,Video,Critical,Open,Description for dataset 169,Grace,2025-02-04 02:27:00
170,dataset_170,Text,Low,Processing,Description for dataset 170,Charlie,2025-01-15 05:50:00
171,dataset_171,Tabular,Low,Open,Description for dataset 171,Charlie,2025-03-15 09:47:00
172,dataset_172,Text,Medium,Processing,Description for dataset 172,Bob,2025-01-31 06:52:00
173,dataset_173,Video,High,Open,Description for dataset 173,Eve,2025-01-16 01:22:00
174,dataset_174,Video,Critical,Processing,Description for dataset 174,Eve,2025-03-28 18:08:00
175,dataset_175,Image,Medium,Processing,Description for dataset 175,Bob,2025-02-11 22:57:00
176,dataset_176,Sensor,Medium,Completed,Description for dataset 176,Alice,2025-03-19 10:07:00
177,dataset_177,Video,Low,Completed,Description for dataset 177,Charlie,2025-02-18 16:00:00
178,dataset_178,Video,Critical,Completed,Description for dataset 178,David,2025-02-10 20:38:00
179,dataset_179,Image,Critical,Completed,Description for dataset 179,Grace,2025-01-23 12:01:00
180,dataset_180,Sensor,Low,Failed,Description for dataset 180,Alice,2025-03-30 21:39:00
181,dataset_181,Audio,Medium,Completed,Description for dataset 181,Grace,2025-03-12 04:28:00
182,dataset_182,Tabular,Medium,Completed,Description for dataset 182,Charlie,2025-03-14 21:04:00
183,dataset_183,Video,High,Completed,Description for dataset 183,Bob,2025-03-25 20:12:00
184,dataset_184,Image,Medium,Open,Description for dataset 184,Alice,2025-02-03 04:42:00
185,dataset_185,Text,Low,Failed,Description for dataset 185,Charlie,2025-01-20 20:40:00
186,dataset_186,Sensor,High,Processing,Description for dataset 186,Grace,2025-01-07 05:59:00
187,dataset_187,Text,Low,Processing,Description for dataset 187,Alice,2025-03-04 23:03:00
188,dataset_188,Audio,Medium,Open,Description for dataset 188,Grace,2025-02-16 10:15:00
189,dataset_189,Text,Low,Open,Description for dataset 189,Alice,2025-03-08 15:33:00
190,dataset_190,Image,Low,Processing,Description for dataset 190,Charlie,2025-03-18 21:25:00
191,dataset_191,Text,Critical,Processing,Description for dataset 191,Frank,2025-03-15 04:12:00
192,dataset_192,Text,Critical,Open,Description for dataset 192,Charlie,2025-01-11 19:10:00
193,dataset_193,Text,Medium,Open,Description for dataset 193,Charlie,2025-01-18 23:28:00
194,dataset_194,Video,High,Open,Description for dataset 194,Grace,2025-02-06 21:49:00
195,dataset_195,Text,High,Open,Description for dataset 195,Charlie,2025-01-04 11:01:00
196,dataset_196,Tabular,Critical,Processing,Description for dataset 196,Eve,2025-01-03 00:00:00
197,dataset_197,Sensor,Critical,Processing,Description for dataset 197,Eve,2025-01-05 08:53:00
198,dataset_198,Tabular,High,Failed,Description for dataset 198,David,2025-03-17 05:26:00
199,dataset_199,Sensor,High,Completed,Description for dataset 199,Alice,2025-03-08 23:16:00
200,dataset_200,Audio,Critical,Open,Description for dataset 200,Frank,2025-01-23 14:23:00
201,dataset_201,Image,Low,Open,Description for dataset 201,David,2025-02-10 07:31:00
202,dataset_202,Sensor,Medium,Failed,Description for dataset 202,Alice,2025-01-11 14:41:00
203,dataset_203,Sensor,Medium,Open,Description for dataset 203,Alice,2025-02-28 12:06:00
204,dataset_204,Text,Medium,Processing,Description for dataset 204,Eve,2025-01-22 04:55:00
205,dataset_205,Tabular,Low,Completed,Description for dataset 205,Bob,2025-02-02 01:26:00
206,dataset_206,Video,Medium,Open,Description for dataset 206,Frank,2025-03-23 13:32:00
207,dataset_207,Audio,Medium,Completed,Description for dataset 207,David,2025-03-01 08:18:00
208,dataset_208,Audio,Low,Completed,Description for dataset 208,Frank,2025-02-21 20:49:00
209,dataset_209,Video,High,Processing,Description for dataset 209,Bob,2025-01-11 20:13:00
210,dataset_210,Tabular,Medium,Processing,Description for dataset 210,Bob,2025-01-20 11:01:00
211,dataset_211,Sensor,Critical,Completed,Description for dataset 211,Eve,2025-02-21 07:04:00
212,dataset_212,Audio,Critical,Open,Description for dataset 212,Charlie,2025-03-05 07:59:00
213,dataset_213,Audio,Critical,Open,Description for dataset 213,Charlie,2025-02-17 11:55:00
214,dataset_214,Audio,Medium,Processing,Description for dataset 214,Frank,2025-02-04 10:22:00
215,dataset_215,Sensor,High,Completed,Description for dataset 215,David,2025-01-24 16:07:00
216,dataset_216,Tabular,Critical,Processing,Description for dataset 216,Charlie,2025-02-05 04:32:00
217,dataset_217,Tabular,Medium,Processing,Description for dataset 217,Frank,2025-03-21 13:59:00
218,dataset_218,Image,Low,Failed,Description for dataset 218,David,2025-02-05 23:26:00
219,dataset_219,Tabular,Low,Open,Description for dataset 219,Eve,2025-01-01 20:51:00
220,dataset_220,Audio,Low,Open,Description for dataset 220,Eve,2025-03-25 21:25:00
221,dataset_221,Image,High,Open,Description for dataset 221,Charlie,2025-02-12 21:16:00
222,dataset_222,Tabular,Critical,Failed,Description for dataset 222,Alice,2025-01-22 11:07:00
223,dataset_223,Text,High,Processing,Description for dataset 223,Bob,2025-01-04 19:17:00
224,dataset_224,Image,Medium,Processing,Description for dataset 224,Bob,2025-01-16 21:22:00
225,dataset_225,Audio,Medium,Open,Description for dataset 225,David,2025-03-17 16:05:00
226,dataset_226,Text,Critical,Open,Description for dataset 226,Alice,2025-01-08 18:43:00
227,dataset_227,Text,Critical,Failed,Description for dataset 227,David,2025-02-23 14:26:00
228,dataset_228,Text,High,Open,Description for dataset 228,David,2025-02-14 20:47:00
229,dataset_229,Audio,Medium,Open,Description for dataset 229,Frank,2025-02-06 07:53:00
230,dataset_230,Image,Low,Open,Description for dataset 230,Frank,2025-01-18 06:27:00
231,dataset_231,Sensor,Critical,Processing,Description for dataset 231,David,2025-02-06 08:31:00
232,dataset_232,Sensor,Low,Failed,Description for dataset 232,Frank,2025-03-11 22:46:00
233,dataset_233,Tabular,High,Open,Description for dataset 233,Frank,2025-01-23 12:25:00
234,dataset_234,Sensor,Low,Failed,Description for dataset 234,Bob,2025-01-27 08:34:00
235,dataset_235,Audio,Medium,Failed,Description for dataset 235,Charlie,2025-01-29 09:21:00
236,dataset_236,Video,Medium,Completed,Description for dataset 236,Grace,2025-02-09 09:03:00
237,dataset_237,Image,Critical,Failed,Description for dataset 237,Alice,2025-01-14 14:01:00
238,dataset_238,Text,Critical,Failed,Description for dataset 238,David,2025-03-21 16:12:00
239,dataset_239,Audio,Critical,Completed,Description for dataset 239,Bob,2025-01-11 17:56:00
240,dataset_240,Video,Medium,Processing,Description for dataset 240,Alice,2025-03-09 07:41:00
241,dataset_241,Text,Medium,Open,Description for dataset 241,Bob,2025-03-24 18:38:00
242,dataset_242,Tabular,Critical,Failed,Description for dataset 242,Alice,2025-01-27 14:27:00
243,dataset_243,Sensor,Low,Completed,Description for dataset 243,Charlie,2025-01-15 14:04:00
244,dataset_244,Image,Low,Failed,Description for dataset 244,Charlie,2025-02-14 15:42:00
245,dataset_245,Tabular,Low,Processing,Description for dataset 245,Bob,2025-01-18 16:04:00
246,dataset_246,Tabular,High,Open,Description for dataset 246,Charlie,2025-01-22 23:19:00
247,dataset_247,Image,Low,Processing,Description for dataset 247,Frank,2025-01-11 18:49:00
248,dataset_248,Tabular,Medium,Failed,Description for dataset 248,David,2025-03-23 13:05:00
249,dataset_249,Sensor,Medium,Completed,Description for dataset 249,Eve,2025-03-19 06:32:00
250,dataset_250,Image,Medium,Processing,Description for dataset 250,Grace,2025-02-28 01:25:00
251,dataset_251,Video,High,Failed,Description for dataset 251,Bob,2025-02-21 06:56:00
252,dataset_252,Image,High,Open,Description for dataset 252,Frank,2025-01-12 02:19:00
253,dataset_253,Tabular,Medium,Processing,Description for dataset 253,Frank,2025-01-15 23:03:00
254,dataset_254,Sensor,Low,Processing,Description for dataset 254,Frank,2025-02-25 02:59:00
255,dataset_255,Audio,Low,Open,Description for dataset 255,Grace,2025-01-06 05:27:00
256,dataset_256,Audio,High,Completed,Description for dataset 256,Eve,2025-03-25 22:30:00
257,dataset_257,Text,Medium,Processing,Description for dataset 257,Bob,2025-03-06 02:30:00
258,dataset_258,Image,Medium,Failed,Description for dataset 258,Charlie,2025-03-10 05:12:00
259,dataset_259,Tabular,Low,Open,Description for dataset 259,Alice,2025-03-07 13:06:00
260,dataset_260,Audio,High,Open,Description for dataset 260,David,2025-02-15 14:25:00
261,dataset_261,Image,Low,Completed,Description for dataset 261,Alice,2025-01-21 22:57:00
262,dataset_262,Text,Low,Processing,Description for dataset 262,Bob,2025-01-23 18:03:00
263,dataset_263,Tabular,Medium,Completed,Description for dataset 263,Grace,2025-01-07 07:22:00
264,dataset_264,Text,Low,Processing,Description for dataset 264,David,2025-01-14 13:33:00
265,dataset_265,Video,High,Failed,Description for dataset 265,Alice,2025-03-13 21:09:00
266,dataset_266,Text,Critical,Open,Description for dataset 266,Alice,2025-03-24 19:36:00
267,dataset_267,Image,High,Processing,Description for dataset 267,Bob,2025-01-09 17:45:00
268,dataset_268,Video,Low,Failed,Description for dataset 268,Bob,2025-03-13 10:47:00
269,dataset_269,Audio,Critical,Failed,Description for dataset 269,Eve,2025-03-29 04:39:00
270,dataset_270,Image,Critical,Failed,Description for dataset 270,David,2025-02-22 18:05:00
271,dataset_271,Text,Critical,Open,Description for dataset 271,Alice,2025-02-18 20:40:00
272,dataset_272,Image,Low,Failed,Description for dataset 272,Charlie,2025-01-10 13:52:00
273,dataset_273,Image,Medium,Failed,Description for dataset 273,Grace,2025-02-17 12:13:00
274,dataset_274,Sensor,High,Completed,Description for dataset 274,Alice,2025-02-18 02:10:00
275,dataset_275,Text,Medium,Completed,Description for dataset 275,Charlie,2025-03-19 17:43:00
276,dataset_276,Image,Low,Completed,Description for dataset 276,Grace,2025-02-26 21:53:00
277,dataset_277,Text,Low,Processing,Description for dataset 277,Bob,2025-02-28 16:13:00
278,dataset_278,Sensor,Low,Open,Description for dataset 278,Charlie,2025-02-06 14:48:00
279,dataset_279,Video,Low,Open,Description for dataset 279,Bob,2025-01-07 10:09:00
280,dataset_280,Video,Low,Processing,Description for dataset 280,Bob,2025-01-27 16:37:00
281,dataset_281,Video,Low,Processing,Description for dataset 281,Charlie,2025-03-14 23:34:00
282,dataset_282,Audio,Low,Processing,Description for dataset 282,Frank,2025-01-09 18:08:00
283,dataset_283,Tabular,Low,Failed,Description for dataset 283,Charlie,2025-03-03 23:44:00
284,dataset_284,Video,Medium,Failed,Description for dataset 284,David,2025-01-27 22:55:00
285,dataset_285,Text,High,Failed,Description for dataset 285,Bob,2025-02-06 23:40:00
286,dataset_286,Video,Low,Failed,Description for dataset 286,Grace,2025-03-02 21:11:00
287,dataset_287,Audio,Low,Failed,Description for dataset 287,Bob,2025-03-26 08:10:00
288,dataset_288,Video,Low,Completed,Description for dataset 288,Charlie,2025-01-29 09:55:00
289,dataset_289,Audio,Low,Processing,Description for dataset 289,Grace,2025-03-28 14:02:00
290,dataset_290,Video,Critical,Processing,Description for dataset 290,Frank,2025-03-06 21:48:00
291,dataset_291,Text,Low,Processing,Description for dataset 291,Charlie,2025-01-06 23:12:00
292,dataset_292,Tabular,High,Failed,Description for dataset 292,Frank,2025-02-22 05:56:00
293,dataset_293,Text,High,Completed,Description for dataset 293,Eve,2025-01-21 10:05:00
294,dataset_294,Tabular,Critical,Failed,Description for dataset 294,Eve,2025-02-01 15:36:00
295,dataset_295,Image,High,Processing,Description for dataset 295,Charlie,2025-03-05 16:46:00
296,dataset_296,Sensor,Low,Processing,Description for dataset 296,Alice,2025-01-17 10:08:00
297,dataset_297,Video,High,Open,Description for dataset 297,Alice,2025-02-25 22:35:00
298,dataset_298,Tabular,Critical,Failed,Description for dataset 298,David,2025-02-07 21:39:00
299,dataset_299,Sensor,Critical,Failed,Description for dataset 299,Bob,2025-02-11 02:52:00
300,dataset_300,Sensor,Critical,Completed,Description for dataset 300,David,2025-02-26 08:28:00
301,dataset_301,Image,Medium,Open,Description for dataset 301,David,2025-01-11 08:49:00
302,dataset_302,Video,High,Open,Description for dataset 302,Grace,2025-03-06 15:33:00
303,dataset_303,Sensor,High,Failed,Description for dataset 303,Eve,2025-01-19 09:46:00
304,dataset_304,Text,Low,Open,Description for dataset 304,Charlie,2025-01-26 11:31:00
305,dataset_305,Image,Critical,Open,Description for dataset 305,Frank,2025-04-01 05:02:00
306,dataset_306,Video,Medium,Failed,Description for dataset 306,Bob,2025-01-08 15:14:00
307,dataset_307,Audio,Medium,Completed,Description for dataset 307,Eve,2025-01-24 14:19:00
308,dataset_308,Sensor,Medium,Open,Description for dataset 308,Frank,2025-03-19 01:57:00
309,dataset_309,Tabular,Medium,Processing,Description for dataset 309,Alice,2025-02-06 18:39:00
310,dataset_310,Audio,Medium,Open,Description for dataset 310,Grace,2025-03-20 21:24:00
311,dataset_311,Tabular,Low,Completed,Description for dataset 311,Bob,2025-02-24 08:51:00
312,dataset_312,Tabular,Low,Processing,Description for dataset 312,Eve,2025-02-19 15:12:00
313,dataset_313,Video,Low,Processing,Description for dataset 313,Charlie,2025-01-21 05:10:00
314,dataset_314,Tabular,Low,Failed,Description for dataset 314,Eve,2025-02-24 20:24:00
315,dataset_315,Image,Low,Failed,Description for dataset 315,Alice,2025-01-14 02:21:00
316,dataset_316,Tabular,High,Open,Description for dataset 316,Frank,2025-02-21 14:48:00
317,dataset_317,Image,Medium,Failed,Description for dataset 317,Grace,2025-01-30 21:58:00
318,dataset_318,Audio,Low,Open,Description for dataset 318,Bob,2025-03-19 04:12:00
319,dataset_319,Image,High,Processing,Description for dataset 319,Charlie,2025-01-05 04:10:00
320,dataset_320,Video,Medium,Processing,Description for dataset 320,David,2025-01-06 04:11:00
321,dataset_321,Text,Low,Failed,Description for dataset 321,David,2025-02-09 06:29:00
322,dataset_322,Image,Critical,Processing,Description for dataset 322,Alice,2025-02-20 11:57:00
323,dataset_323,Tabular,Critical,Processing,Description for dataset 323,Frank,2025-03-29 15:43:00
324,dataset_324,Image,High,Open,Description for dataset 324,Charlie,2025-01-15 12:31:00
325,dataset_325,Tabular,High,Processing,Description for dataset 325,Grace,2025-03-14 14:28:00
326,dataset_326,Audio,High,Open,Description for dataset 326,Bob,2025-01-17 06:39:00
327,dataset_327,Video,Critical,Failed,Description for dataset 327,Bob,2025-01-27 02:22:00
328,dataset_328,Image,Medium,Processing,Description for dataset 328,Grace,2025-02-08 14:27:00
329,dataset_329,Tabular,Critical,Completed,Description for dataset 329,Grace,2025-02-28 05:36:00
330,dataset_330,Sensor,Medium,Completed,Description for dataset 330,Frank,2025-01-03 11:17:00
331,dataset_331,Sensor,High,Completed,Description for dataset 331,Bob,2025-02-11 23:12:00
332,dataset_332,Text,Low,Failed,Description for dataset 332,Alice,2025-03-13 11:33:00
333,dataset_333,Image,Critical,Failed,Description for dataset 333,Frank,2025-01-26 19:04:00
334,dataset_334,Sensor,Low,Failed,Description for dataset 334,Eve,2025-03-10 08:07:00
335,dataset_335,Text,Low,Open,Description for dataset 335,Grace,2025-02-17 10:15:00
336,dataset_336,Audio,Medium,Failed,Description for dataset 336,Grace,2025-01-31 07:26:00
337,dataset_337,Sensor,Low,Processing,Description for dataset 337,Alice,2025-03-02 01:38:00
338,dataset_338,Image,Low,Processing,Description for dataset 338,Grace,2025-01-19 20:21:00
339,dataset_339,Audio,Low,Completed,Description for dataset 339,Bob,2025-03-08 12:17:00
340,dataset_340,Video,Medium,Failed,Description for dataset 340,David,2025-02-15 02:36:00
341,dataset_341,Image,Low,Failed,Description for dataset 341,Grace,2025-02-18 18:07:00
342,dataset_342,Image,Low,Completed,Description for dataset 342,Bob,2025-03-22 09:21:00
343,dataset_343,Video,Low,Open,Description for dataset 343,David,2025-01-05 21:57:00
344,dataset_344,Image,Medium,Completed,Description for dataset 344,Charlie,2025-02-01 03:52:00
345,dataset_345,Image,Medium,Processing,Description for dataset 345,Alice,2025-01-13 17:37:00
346,dataset_346,Sensor,High,Open,Description for dataset 346,Eve,2025-03-09 22:01:00
347,dataset_347,Video,Critical,Open,Description for dataset 347,Charlie,2025-02-21 15:46:00
348,dataset_348,Sensor,Medium,Open,Description for dataset 348,David,2025-01-20 07:34:00
349,dataset_349,Text,High,Open,Description for dataset 349,Bob,2025-03-17 05:38:00
350,dataset_350,Audio,High,Completed,Description for dataset 350,Alice,2025-02-17 14:07:00
351,dataset_351,Tabular,Medium,Processing,Description for dataset 351,Alice,2025-03-25 16:29:00
352,dataset_352,Text,Critical,Open,Description for dataset 352,Eve,2025-03-11 08:31:00
353,dataset_353,Tabular,Critical,Open,Description for dataset 353,Charlie,2025-02-27 08:00:00
354,dataset_354,Video,Medium,Completed,Description for dataset 354,Frank,2025-02-01 18:59:00
355,dataset_355,Tabular,Low,Failed,Description for dataset 355,Bob,2025-03-30 08:08:00
356,dataset_356,Text,Low,Completed,Description for dataset 356,Frank,2025-02-09 11:27:00
357,dataset_357,Video,Low,Failed,Description for dataset 357,Bob,2025-03-28 00:22:00
358,dataset_358,Tabular,High,Processing,Description for dataset 358,David,2025-01-27 20:48:00
359,dataset_359,Tabular,Critical,Failed,Description for dataset 359,Frank,2025-01-13 08:07:00
360,dataset_360,Sensor,Low,Completed,Description for dataset 360,Grace,2025-03-30 22:59:00
361,dataset_361,Audio,Low,Completed,Description for dataset 361,Eve,2025-03-23 12:02:00
362,dataset_362,Audio,High,Failed,Description for dataset 362,Bob,2025-02-26 06:43:00
363,dataset_363,Video,High,Processing,Description for dataset 363,David,2025-02-15 02:15:00
364,dataset_364,Audio,High,Completed,Description for dataset 364,Frank,2025-01-22 13:49:00
365,dataset_365,Image,High,Processing,Description for dataset 365,David,2025-01-02 03:27:00
366,dataset_366,Audio,Critical,Failed,Description for dataset 366,Grace,2025-02-21 00:11:00
367,dataset_367,Sensor,Medium,Completed,Description for dataset 367,Frank,2025-03-11 15:16:00
368,dataset_368,Audio,Critical,Completed,Description for dataset 368,David,2025-03-26 13:54:00
369,dataset_369,Audio,Medium,Processing,Description for dataset 369,Eve,2025-02-23 18:43:00
370,dataset_370,Audio,Medium,Processing,Description for dataset 370,Charlie,2025-03-21 04:45:00
371,dataset_371,Tabular,Low,Open,Description for dataset 371,Grace,2025-02-14 08:15:00
372,dataset_372,Text,Medium,Processing,Description for dataset 372,Frank,2025-01-15 03:09:00
373,dataset_373,Text,Low,Open,Description for dataset 373,Frank,2025-01-10 12:18:00
374,dataset_374,Sensor,High,Open,Description for dataset 374,Eve,2025-03-27 21:44:00
375,dataset_375,Image,Medium,Completed,Description for dataset 375,Charlie,2025-01-19 10:47:00
376,dataset_376,Image,Medium,Failed,Description for dataset 376,Frank,2025-02-14 18:17:00
377,dataset_377,Video,Low,Open,Description for dataset 377,Bob,2025-03-02 18:51:00
378,dataset_378,Text,Low,Failed,Description for dataset 378,Alice,2025-02-24 05:04:00
379,dataset_379,Audio,Medium,Completed,Description for dataset 379,Grace,2025-03-05 11:54:00
380,dataset_380,Audio,Medium,Open,Description for dataset 380,Alice,2025-01-25 19:23:00
381,dataset_381,Text,Critical,Processing,Description for dataset 381,Eve,2025-02-03 00:26:00
382,dataset_382,Video,Critical,Completed,Description for dataset 382,Alice,2025-01-15 19:28:00
383,dataset_383,Audio,High,Processing,Description for dataset 383,Grace,2025-01-18 04:28:00
384,dataset_384,Video,High,Failed,Description for dataset 384,David,2025-01-11 16:04:00
385,dataset_385,Text,Critical,Processing,Description for dataset 385,Grace,2025-03-26 18:11:00
386,dataset_386,Audio,Low,Completed,Description for dataset 386,David,2025-03-03 08:33:00
387,dataset_387,Image,Critical,Completed,Description for dataset 387,Bob,2025-02-17 18:02:00
388,dataset_388,Image,Low,Completed,Description for dataset 388,Bob,2025-01-10 13:45:00
389,dataset_389,Image,High,Open,Description for dataset 389,Eve,2025-02-06 16:00:00
390,dataset_390,Audio,Critical,Open,Description for dataset 390,Charlie,2025-02-22 16:28:00
391,dataset_391,Image,High,Completed,Description for dataset 391,Eve,2025-02-06 01:01:00
392,dataset_392,Video,High,Processing,Description for dataset 392,Eve,2025-03-17 23:49:00
393,dataset_393,Video,Low,Completed,Description for dataset 393,Bob,2025-02-09 06:18:00
394,dataset_394,Sensor,High,Failed,Description for dataset 394,Eve,2025-01-08 21:16:00
395,dataset_395,Text,Medium,Failed,Description for dataset 395,Eve,2025-03-27 07:14:00
396,dataset_396,Audio,High,Failed,Description for dataset 396,Bob,2025-02-05 19:16:00
397,dataset_397,Image,Medium,Open,Description for dataset 397,Alice,2025-03-27 07:12:00
398,dataset_398,Text,Low,Completed,Description for dataset 398,Bob,2025-01-12 02:48:00
399,dataset_399,Video,Medium,Processing,Description for dataset 399,David,2025-02-27 05:20:00
400,dataset_400,Tabular,Critical,Failed,Description for dataset 400,Grace,2025-02-25 21:08:00
401,dataset_401,Tabular,Medium,Completed,Description for dataset 401,David,2025-03-12 23:29:00
402,dataset_402,Audio,Low,Failed,Description for dataset 402,Grace,2025-02-18 05:19:00
403,dataset_403,Audio,Low,Completed,Description for dataset 403,Frank,2025-03-30 16:49:00
404,dataset_404,Tabular,Low,Completed,Description for dataset 404,Alice,2025-02-26 04:26:00
405,dataset_405,Audio,Critical,Completed,Description for dataset 405,David,2025-01-05 23:51:00
406,dataset_406,Sensor,High,Failed,Description for dataset 406,Eve,2025-02-26 00:36:00
407,dataset_407,Audio,Medium,Open,Description for dataset 407,Charlie,2025-03-16 07:59:00
408,dataset_408,Video,Low,Open,Description for dataset 408,Alice,2025-02-12 09:02:00
409,dataset_409,Text,High,Processing,Description for dataset 409,Alice,2025-03-27 20:20:00
410,dataset_410,Video,Medium,Completed,Description for dataset 410,Charlie,2025-02-02 10:30:00
411,dataset_411,Text,Critical,Processing,Description for dataset 411,David,2025-01-29 00:18:00
412,dataset_412,Sensor,Low,Completed,Description for dataset 412,Bob,2025-02-22 09:59:00
413,dataset_413,Audio,High,Failed,Description for dataset 413,Bob,2025-03-15 18:49:00
414,dataset_414,Tabular,Medium,Completed,Description for dataset 414,Eve,2025-03-01 19:21:00
415,dataset_415,Video,Low,Completed,Description for dataset 415,Eve,2025-02-16 05:44:00
416,dataset_416,Audio,Medium,Completed,Description for dataset 416,Bob,2025-01-07 20:54:00
417,dataset_417,Audio,High,Failed,Description for dataset 417,Grace,2025-03-21 07:46:00
418,dataset_418,Audio,High,Failed,Description for dataset 418,David,2025-02-25 00:25:00
419,dataset_419,Image,Medium,Processing,Description for dataset 419,Eve,2025-01-10 01:18:00
420,dataset_420,Image,Medium,Processing,Description for dataset 420,Grace,2025-02-08 16:21:00
421,dataset_421,Video,Critical,Processing,Description for dataset 421,Eve,2025-01-13 00:04:00
422,dataset_422,Video,Medium,Processing,Description for dataset 422,Frank,2025-03-17 12:10:00
423,dataset_423,Audio,High,Processing,Description for dataset 423,Bob,2025-02-22 21:03:00
424,dataset_424,Video,High,Completed,Description for dataset 424,David,2025-02-26 02:56:00
425,dataset_425,Sensor,Medium,Open,Description for dataset 425,Grace,2025-02-08 14:50:00
426,dataset_426,Text,Medium,Completed,Description for dataset 426,Bob,2025-02-07 10:07:00
427,dataset_427,Text,Medium,Open,Description for dataset 427,Bob,2025-03-16 23:42:00
428,dataset_428,Tabular,High,Failed,Description for dataset 428,Grace,2025-02-15 14:49:00
429,dataset_429,Video,Low,Failed,Description for dataset 429,Bob,2025-03-31 07:02:00
430,dataset_430,Sensor,Low,Open,Description for dataset 430,Grace,2025-01-09 23:23:00
431,dataset_431,Text,High,Open,Description for dataset 431,Grace,2025-03-19 09:35:00
432,dataset_432,Text,Medium,Open,Description for dataset 432,Frank,2025-01-27 20:55:00
433,dataset_433,Text,High,Completed,Description for dataset 433,David,2025-03-23 13:45:00
434,dataset_434,Audio,Low,Processing,Description for dataset 434,Grace,2025-01-02 20:20:00
435,dataset_435,Video,Low,Processing,Description for dataset 435,Bob,2025-03-09 10:28:00
436,dataset_436,Video,Low,Processing,Description for dataset 436,Eve,2025-03-20 09:13:00
437,dataset_437,Image,Low,Failed,Description for dataset 437,Alice,2025-03-14 22:26:00
438,dataset_438,Sensor,Medium,Processing,Description for dataset 438,Grace,2025-03-15 23:29:00
439,dataset_439,Image,High,Failed,Description for dataset 439,Bob,2025-01-26 00:03:00
440,dataset_440,Video,Medium,Failed,Description for dataset 440,Charlie,2025-03-15 04:13:00
441,dataset_441,Video,High,Failed,Description for dataset 441,Bob,2025-02-26 19:41:00
442,dataset_442,Sensor,Low,Completed,Description for dataset 442,Alice,2025-01-31 06:10:00
443,dataset_443,Audio,Low,Failed,Description for dataset 443,Bob,2025-01-07 12:42:00
444,dataset_444,Sensor,Critical,Open,Description for dataset 444,Grace,2025-02-28 09:54:00
445,dataset_445,Video,Medium,Failed,Description for dataset 445,Charlie,2025-02-25 09:54:00
446,dataset_446,Video,Low,Open,Description for dataset 446,Frank,2025-02-25 23:59:00
447,dataset_447,Audio,Critical,Open,Description for dataset 447,Alice,2025-01-23 20:27:00
448,dataset_448,Text,Critical,Completed,Description for dataset 448,Alice,2025-01-19 07:36:00
449,dataset_449,Tabular,Critical,Completed,Description for dataset 449,David,2025-01-30 09:07:00
450,dataset_450,Image,Medium,Failed,Description for dataset 450,Bob,2025-03-07 03:45:00
451,dataset_451,Image,Medium,Completed,Description for dataset 451,David,2025-03-18 22:43:00
452,dataset_452,Audio,Medium,Failed,Description for dataset 452,Grace,2025-03-02 21:16:00
453,dataset_453,Image,High,Processing,Description for dataset 453,David,2025-03-10 08:48:00
454,dataset_454,Audio,Low,Failed,Description for dataset 454,Frank,2025-02-01 09:05:00
455,dataset_455,Image,Medium,Open,Description for dataset 455,Charlie,2025-03-03 02:35:00
456,dataset_456,Image,High,Open,Description for dataset 456,Charlie,2025-03-19 05:06:00
457,dataset_457,Text,Medium,Processing,Description for dataset 457,Eve,2025-02-22 12:22:00
458,dataset_458,Text,Low,Open,Description for dataset 458,Charlie,2025-02-08 10:41:00
459,dataset_459,Audio,Low,Failed,Description for dataset 459,Frank,2025-01-17 09:16:00
460,dataset_460,Tabular,Low,Completed,Description for dataset 460,Frank,2025-02-03 14:15:00
461,dataset_461,Text,Medium,Processing,Description for dataset 461,Alice,2025-01-08 15:06:00
462,dataset_462,Text,High,Processing,Description for dataset 462,Frank,2025-03-17 05:04:00
463,dataset_463,Text,Medium,Processing,Description for dataset 463,Grace,2025-03-27 10:00:00
464,dataset_464,Audio,Critical,Completed,Description for dataset 464,Charlie,2025-02-03 09:54:00
465,dataset_465,Text,Critical,Open,Description for dataset 465,David,2025-03-27 04:40:00
466,dataset_466,Audio,Medium,Processing,Description for dataset 466,Charlie,2025-02-04 00:10:00
467,dataset_467,Image,High,Failed,Description for dataset 467,Eve,2025-01-12 04:58:00
468,dataset_468,Text,High,Failed,Description for dataset 468,Frank,2025-03-09 01:09:00
469,dataset_469,Tabular,Critical,Processing,Description for dataset 469,Eve,2025-03-03 10:37:00
470,dataset_470,Video,Medium,Open,Description for dataset 470,Alice,2025-02-06 15:18:00
471,dataset_471,Tabular,High,Completed,Description for dataset 471,Grace,2025-03-29 09:05:00
472,dataset_472,Tabular,Critical,Failed,Description for dataset 472,Bob,2025-02-07 21:26:00
473,dataset_473,Tabular,Low,Processing,Description for dataset 473,Charlie,2025-03-08 06:32:00
474,dataset_474,Text,High,Completed,Description for dataset 474,Frank,2025-01-25 23:04:00
475,dataset_475,Video,Low,Processing,Description for dataset 475,Eve,2025-02-10 02:42:00
476,dataset_476,Sensor,High,Open,Description for dataset 476,Grace,2025-01-21 17:03:00
477,dataset_477,Video,Critical,Completed,Description for dataset 477,Alice,2025-03-27 14:59:00
478,dataset_478,Text,Critical,Failed,Description for dataset 478,Charlie,2025-03-29 01:41:00
479,dataset_479,Tabular,Critical,Failed,Description for dataset 479,Grace,2025-02-13 23:03:00
480,dataset_480,Text,Low,Open,Description for dataset 480,Alice,2025-02-08 07:51:00
481,dataset_481,Text,Medium,Completed,Description for dataset 481,Charlie,2025-01-27 12:44:00
482,dataset_482,Video,Low,Failed,Description for dataset 482,Alice,2025-01-31 10:05:00
483,dataset_483,Audio,Medium,Open,Description for dataset 483,David,2025-03-21 12:31:00
484,dataset_484,Sensor,High,Processing,Description for dataset 484,Bob,2025-02-11 00:54:00
485,dataset_485,Sensor,High,Processing,Description for dataset 485,Alice,2025-02-18 08:11:00
486,dataset_486,Text,Low,Completed,Description for dataset 486,Charlie,2025-03-15 16:38:00
487,dataset_487,Sensor,High,Failed,Description for dataset 487,David,2025-03-06 20:18:00
488,dataset_488,Text,Medium,Failed,Description for dataset 488,Grace,2025-03-18 13:05:00
489,dataset_489,Text,Medium,Failed,Description for dataset 489,Eve,2025-03-19 01:40:00
490,dataset_490,Image,Medium,Completed,Description for dataset 490,Alice,2025-01-26 08:33:00
491,dataset_491,Tabular,Medium,Failed,Description for dataset 491,Eve,2025-03-11 22:20:00
492,dataset_492,Video,Medium,Processing,Description for dataset 492,David,2025-02-16 20:21:00
493,dataset_493,Tabular,Low,Completed,Description for dataset 493,Charlie,2025-03-16 05:26:00
494,dataset_494,Tabular,Low,Completed,Description for dataset 494,Bob,2025-02-28 02:12:00
495,dataset_495,Image,High,Completed,Description for dataset 495,Grace,2025-01-07 00:09:00
496,dataset_496,Image,Critical,Completed,Description for dataset 496,Grace,2025-01-01 13:37:00
497,dataset_497,Sensor,High,Completed,Description for dataset 497,Alice,2025-01-24 01:20:00
498,dataset_498,Audio,High,Completed,Description for dataset 498,Grace,2025-03-24 11:21:00
499,dataset_499,Audio,Critical,Open,Description for dataset 499,Grace,2025-02-18 11:32:00
500,dataset_500,Image,Critical,Failed,Description for dataset 500,Grace,2025-03-13 20:43:00
501,dataset_501,Tabular,Medium,Completed,Description for dataset 501,Charlie,2025-03-07 05:42:00
502,dataset_502,Tabular,Medium,Failed,Description for dataset 502,Grace,2025-03-17 16:47:00
503,dataset_503,Audio,Low,Completed,Description for dataset 503,Alice,2025-03-27 09:56:00
504,dataset_504,Sensor,Low,Open,Description for dataset 504,Charlie,2025-03-19 00:07:00
505,dataset_505,Text,Medium,Completed,Description for dataset 505,Grace,2025-03-13 16:28:00
506,dataset_506,Tabular,Critical,Completed,Description for dataset 506,Bob,2025-02-17 14:30:00
507,dataset_507,Text,Critical,Open,Description for dataset 507,Grace,2025-03-26 01:11:00
508,dataset_508,Audio,Low,Failed,Description for dataset 508,Frank,2025-01-28 08:11:00
509,dataset_509,Tabular,Critical,Failed,Description for dataset 509,Charlie,2025-03-23 02:01:00
510,dataset_510,Sensor,High,Open,Description for dataset 510,Frank,2025-03-17 11:37:00
511,dataset_511,Sensor,Medium,Failed,Description for dataset 511,Frank,2025-01-29 11:19:00
512,dataset_512,Sensor,Medium,Failed,Description for dataset 512,Bob,2025-01-05 08:01:00
513,dataset_513,Text,Critical,Processing,Description for dataset 513,Alice,2025-02-10 07:46:00
514,dataset_514,Audio,Critical,Open,Description for dataset 514,Charlie,2025-03-21 16:24:00
515,dataset_515,Tabular,Medium,Completed,Description for dataset 515,Frank,2025-01-26 19:55:00
516,dataset_516,Audio,Critical,Open,Description for dataset 516,David,2025-02-28 06:34:00
517,dataset_517,Audio,High,Open,Description for dataset 517,Charlie,2025-03-27 00:26:00
518,dataset_518,Image,Medium,Open,Description for dataset 518,Bob,2025-02-05 18:49:00
519,dataset_519,Text,Medium,Failed,Description for dataset 519,Bob,2025-01-06 15:04:00
520,dataset_520,Sensor,Medium,Completed,Description for dataset 520,Charlie,2025-01-02 05:51:00
521,dataset_521,Video,Critical,Failed,Description for dataset 521,Eve,2025-04-01 23:31:00
522,dataset_522,Image,Medium,Completed,Description for dataset 522,Bob,2025-03-05 12:56:00
523,dataset_523,Text,High,Completed,Description for dataset 523,Frank,2025-03-01 20:56:00
524,dataset_524,Sensor,Medium,Open,Description for dataset 524,David,2025-01-19 18:00:00
525,dataset_525,Image,Critical,Open,Description for dataset 525,Frank,2025-02-03 03:39:00
526,dataset_526,Video,Critical,Failed,Description for dataset 526,Bob,2025-01-04 00:49:00
527,dataset_527,Audio,Medium,Open,Description for dataset 527,Grace,2025-02-10 04:54:00
528,dataset_528,Sensor,Low,Processing,Description for dataset 528,Grace,2025-03-13 22:50:00
529,dataset_529,Text,Low,Processing,Description for dataset 529,Eve,2025-01-08 07:55:00
530,dataset_530,Image,Low,Processing,Description for dataset 530,Eve,2025-01-07 20:09:00
531,dataset_531,Video,Low,Failed,Description for dataset 531,Grace,2025-02-21 23:24:00
532,dataset_532,Image,Critical,Processing,Description for dataset 532,Eve,2025-01-13 19:44:00
533,dataset_533,Video,High,Failed,Description for dataset 533,Charlie,2025-01-01 14:26:00
534,dataset_534,Audio,High,Failed,Description for dataset 534,Eve,2025-03-23 09:13:00
535,dataset_535,Text,Medium,Completed,Description for dataset 535,David,2025-02-15 23:10:00
536,dataset_536,Sensor,High,Processing,Description for dataset 536,Frank,2025-02-23 11:59:00
537,dataset_537,Video,Low,Processing,Description for dataset 537,Eve,2025-01-31 01:21:00
538,dataset_538,Video,Low,Open,Description for dataset 538,Grace,2025-02-12 08:38:00
539,dataset_539,Tabular,Critical,Completed,Description for dataset 539,Grace,2025-01-29 17:49:00
540,dataset_540,Video,Low,Failed,Description for dataset 540,David,2025-03-02 06:58:00
541,dataset_541,Sensor,Medium,Completed,Description for dataset 541,Eve,2025-01-08 14:34:00
542,dataset_542,Tabular,High,Processing,Description for dataset 542,David,2025-01-14 18:16:00
543,dataset_543,Tabular,Critical,Open,Description for dataset 543,Eve,2025-02-26 07:46:00
544,dataset_544,Audio,High,Processing,Description for dataset 544,Charlie,2025-02-19 22:38:00
545,dataset_545,Sensor,Low,Processing,Description for dataset 545,Frank,2025-02-26 17:07:00
546,dataset_546,Audio,Medium,Open,Description for dataset 546,Grace,2025-02-20 14:44:00
547,dataset_547,Audio,Critical,Processing,Description for dataset 547,Charlie,2025-03-21 13:42:00
548,dataset_548,Video,Medium,Processing,Description for dataset 548,Frank,2025-03-09 19:07:00
549,dataset_549,Tabular,Low,Open,Description for dataset 549,Charlie,2025-02-10 22:50:00
550,dataset_550,Text,Low,Open,Description for dataset 550,Alice,2025-01-17 00:47:00
551,dataset_551,Sensor,Medium,Completed,Description for dataset 551,David,2025-02-28 09:30:00
552,dataset_552,Image,Critical,Completed,Description for dataset 552,Alice,2025-03-25 08:57:00
553,dataset_553,Sensor,Medium,Processing,Description for dataset 553,David,2025-03-19 16:22:00
554,dataset_554,Audio,Low,Processing,Description for dataset 554,Frank,2025-02-11 15:24:00
555,dataset_555,Text,Critical,Open,Description for dataset 555,Grace,2025-02-19 08:37:00
556,dataset_556,Sensor,Low,Completed,Description for dataset 556,Charlie,2025-01-11 06:32:00
557,dataset_557,Image,High,Completed,Description for dataset 557,Eve,2025-01-06 09:54:00
558,dataset_558,Image,High,Processing,Description for dataset 558,Charlie,2025-01-14 04:54:00
559,dataset_559,Tabular,High,Processing,Description for dataset 559,Alice,2025-01-25 02:53:00
560,dataset_560,Text,Low,Open,Description for dataset 560,Alice,2025-03-07 20:38:00
561,dataset_561,Image,High,Failed,Description for dataset 561,Alice,2025-03-27 10:19:00
562,dataset_562,Audio,Medium,Completed,Description for dataset 562,Frank,2025-02-08 22:28:00
563,dataset_563,Image,Medium,Processing,Description for dataset 563,Bob,2025-01-15 21:54:00
564,dataset_564,Image,High,Open,Description for dataset 564,Alice,2025-03-08 05:18:00
565,dataset_565,Tabular,Low,Open,Description for dataset 565,Eve,2025-03-06 05:05:00
566,dataset_566,Audio,Low,Failed,Description for dataset 566,Alice,2025-03-21 17:25:00
567,dataset_567,Sensor,Low,Failed,Description for dataset 567,Eve,2025-02-02 12:36:00
568,dataset_568,Image,Low,Processing,Description for dataset 568,David,2025-03-03 16:16:00
569,dataset_569,Tabular,Critical,Failed,Description for dataset 569,Eve,2025-01-14 01:30:00
570,dataset_570,Sensor,Medium,Processing,Description for dataset 570,Charlie,2025-01-21 05:14:00
571,dataset_571,Sensor,High,Processing,Description for dataset 571,Grace,2025-01-11 17:14:00
572,dataset_572,Tabular,Low,Completed,Description for dataset 572,Grace,2025-02-12 05:30:00
573,dataset_573,Audio,Low,Processing,Description for dataset 573,Frank,2025-03-06 23:28:00
574,dataset_574,Text,Low,Completed,Description for dataset 574,David,2025-03-15 01:06:00
575,dataset_575,Tabular,Critical,Processing,Description for dataset 575,Alice,2025-02-09 05:36:00
576,dataset_576,Text,Medium,Open,Description for dataset 576,Charlie,2025-03-04 15:33:00
577,dataset_577,Image,Medium,Failed,Description for dataset 577,Charlie,2025-03-04 12:38:00
578,dataset_578,Image,Critical,Processing,Description for dataset 578,Bob,2025-01-15 21:56:00
579,dataset_579,Audio,Low,Open,Description for dataset 579,Frank,2025-03-31 13:37:00
580,dataset_580,Sensor,High,Completed,Description for dataset 580,Bob,2025-01-15 06:27:00
581,dataset_581,Tabular,High,Completed,Description for dataset 581,Alice,2025-01-09 10:11:00
582,dataset_582,Sensor,Critical,Open,Description for dataset 582,Alice,2025-03-20 03:10:00
583,dataset_583,Video,Critical,Processing,Description for dataset 583,Bob,2025-02-07 02:12:00
584,dataset_584,Video,Medium,Processing,Description for dataset 584,Bob,2025-01-17 14:28:00
585,dataset_585,Text,Low,Failed,Description for dataset 585,David,2025-01-11 06:19:00
586,dataset_586,Video,Low,Processing,Description for dataset 586,Charlie,2025-02-15 21:33:00
587,dataset_587,Audio,Critical,Open,Description for dataset 587,Bob,2025-01-02 19:12:00
588,dataset_588,Image,Low,Failed,Description for dataset 588,Eve,2025-03-10 10:07:00
589,dataset_589,Image,Medium,Open,Description for dataset 589,Alice,2025-03-26 00:28:00
590,dataset_590,Image,High,Completed,Description for dataset 590,Charlie,2025-01-16 08:58:00
591,dataset_591,Video,Low,Completed,Description for dataset 591,Eve,2025-03-11 11:20:00
592,dataset_592,Text,Critical,Completed,Description for dataset 592,Frank,2025-02-06 03:22:00
593,dataset_593,Image,High,Processing,Description for dataset 593,David,2025-01-05 15:33:00
594,dataset_594,Video,High,Processing,Description for dataset 594,Charlie,2025-03-17 14:55:00
595,dataset_595,Video,Critical,Processing,Description for dataset 595,Eve,2025-02-14 11:53:00
596,dataset_596,Tabular,High,Completed,Description for dataset 596,Charlie,2025-01-15 23:55:00
597,dataset_597,Video,Low,Open,Description for dataset 597,Bob,2025-03-06 22:29:00
598,dataset_598,Image,Low,Processing,Description for dataset 598,Eve,2025-01-01 11:17:00
599,dataset_599,Sensor,Critical,Open,Description for dataset 599,Grace,2025-03-12 02:15:00
600,dataset_600,Image,Critical,Failed,Description for dataset 600,Bob,2025-01-09 22:03:00
601,dataset_601,Video,Low,Processing,Description for dataset 601,Frank,2025-01-22 08:15:00
602,dataset_602,Image,High,Open,Description for dataset 602,Alice,2025-01-04 07:18:00
603,dataset_603,Image,Medium,Completed,Description for dataset 603,Grace,2025-02-15 05:19:00
604,dataset_604,Audio,Critical,Open,Description for dataset 604,David,2025-02-12 12:44:00
605,dataset_605,Image,High,Completed,Description for dataset 605,Charlie,2025-02-12 16:01:00
606,dataset_606,Video,Low,Open,Description for dataset 606,Alice,2025-02-02 17:06:00
607,dataset_607,Text,Low,Completed,Description for dataset 607,Eve,2025-03-08 17:23:00
608,dataset_608,Image,Medium,Completed,Description for dataset 608,Eve,2025-02-05 09:55:00
609,dataset_609,Audio,Critical,Open,Description for dataset 609,Eve,2025-02-16 09:21:00
610,dataset_610,Sensor,Low,Open,Description for dataset 610,Charlie,2025-01-19 14:24:00
611,dataset_611,Video,Low,Open,Description for dataset 611,Grace,2025-02-27 13:15:00
612,dataset_612,Video,Medium,Failed,Description for dataset 612,Grace,2025-03-18 19:38:00
613,dataset_613,Video,High,Failed,Description for dataset 613,Grace,2025-01-28 09:34:00
614,dataset_614,Tabular,Low,Failed,Description for dataset 614,David,2025-03-27 08:32:00
615,dataset_615,Image,Critical,Processing,Description for dataset 615,Bob,2025-01-17 19:27:00
616,dataset_616,Audio,Low,Open,Description for dataset 616,Frank,2025-03-11 14:10:00
617,dataset_617,Sensor,High,Failed,Description for dataset 617,Grace,2025-01-08 16:49:00
618,dataset_618,Audio,Critical,Completed,Description for dataset 618,Bob,2025-03-01 22:51:00
619,dataset_619,Text,Medium,Completed,Description for dataset 619,Alice,2025-02-08 04:48:00
620,dataset_620,Audio,Critical,Open,Description for dataset 620,Alice,2025-03-03 11:10:00
621,dataset_621,Image,Medium,Completed,Description for dataset 621,Grace,2025-02-05 17:12:00
622,dataset_622,Sensor,Low,Completed,Description for dataset 622,Frank,2025-01-15 04:55:00
623,dataset_623,Sensor,High,Completed,Description for dataset 623,Charlie,2025-01-02 00:40:00
624,dataset_624,Image,High,Processing,Description for dataset 624,Grace,2025-03-16 14:23:00
625,dataset_625,Image,Critical,Open,Description for dataset 625,David,2025-02-11 17:19:00
626,dataset_626,Text,High,Processing,Description for dataset 626,Bob,2025-01-26 18:20:00
627,dataset_627,Image,Low,Failed,Description for dataset 627,Eve,2025-02-17 08:07:00
628,dataset_628,Text,Medium,Failed,Description for dataset 628,Charlie,2025-01-23 22:50:00
629,dataset_629,Sensor,High,Open,Description for dataset 629,Charlie,2025-03-07 19:08:00
630,dataset_630,Audio,Low,Processing,Description for dataset 630,Frank,2025-01-26 03:54:00
631,dataset_631,Audio,High,Completed,Description for dataset 631,Alice,2025-03-26 22:13:00
632,dataset_632,Tabular,Low,Open,Description for dataset 632,Eve,2025-02-26 05:45:00
633,dataset_633,Image,Medium,Processing,Description for dataset 633,David,2025-01-12 10:28:00
634,dataset_634,Text,High,Processing,Description for dataset 634,David,2025-03-11 08:08:00
635,dataset_635,Tabular,Critical,Failed,Description for dataset 635,Charlie,2025-01-24 10:25:00
636,dataset_636,Image,Low,Completed,Description for dataset 636,Bob,2025-01-09 18:50:00
637,dataset_637,Text,Critical,Processing,Description for dataset 637,Frank,2025-01-06 02:35:00
638,dataset_638,Video,High,Processing,Description for dataset 638,David,2025-03-29 00:07:00
639,dataset_639,Text,Medium,Completed,Description for dataset 639,Frank,2025-03-05 05:40:00
640,dataset_640,Image,Low,Processing,Description for dataset 640,Eve,2025-01-08 06:27:00
641,dataset_641,Audio,Critical,Open,Description for dataset 641,Bob,2025-03-13 02:56:00
642,dataset_642,Sensor,Low,Open,Description for dataset 642,Frank,2025-03-01 10:53:00
643,dataset_643,Image,Low,Completed,Description for dataset 643,Alice,2025-02-24 11:19:00
644,dataset_644,Tabular,Critical,Open,Description for dataset 644,Alice,2025-01-03 12:32:00
645,dataset_645,Audio,Critical,Failed,Description for dataset 645,David,2025-03-10 16:31:00
646,dataset_646,Audio,High,Open,Description for dataset 646,Eve,2025-03-24 00:36:00
647,dataset_647,Tabular,High,Open,Description for dataset 647,David,2025-02-03 20:14:00
648,dataset_648,Audio,High,Open,Description for dataset 648,Alice,2025-02-06 23:21:00
649,dataset_649,Text,High,Processing,Description for dataset 649,Alice,2025-02-01 18:04:00
650,dataset_650,Tabular,Critical,Open,Description for dataset 650,Alice,2025-03-04 13:20:00
651,dataset_651,Video,Low,Processing,Description for dataset 651,Bob,2025-01-07 17:11:00
652,dataset_652,Text,Medium,Failed,Description for dataset 652,Bob,2025-03-20 02:46:00
653,dataset_653,Image,Medium,Open,Description for dataset 653,David,2025-02-06 18:42:00
654,dataset_654,Sensor,Low,Processing,Description for dataset 654,David,2025-01-20 19:06:00
655,dataset_655,Video,Medium,Failed,Description for dataset 655,Bob,2025-01-28 06:26:00
656,dataset_656,Video,Medium,Completed,Description for dataset 656,Frank,2025-02-06 01:51:00
657,dataset_657,Video,Medium,Completed,Description for dataset 657,David,2025-01-09 14:51:00
658,dataset_658,Tabular,Medium,Processing,Description for dataset 658,Alice,2025-01-26 18:25:00
659,dataset_659,Sensor,Critical,Failed,Description for dataset 659,Grace,2025-01-28 22:06:00
660,dataset_660,Sensor,High,Processing,Description for dataset 660,Bob,2025-01-31 22:22:00
661,dataset_661,Tabular,Medium,Open,Description for dataset 661,Grace,2025-01-08 04:28:00
662,dataset_662,Audio,High,Open,Description for dataset 662,Frank,2025-04-01 06:13:00
663,dataset_663,Video,High,Open,Description for dataset 663,Bob,2025-03-04 07:20:00
664,dataset_664,Text,High,Open,Description for dataset 664,David,2025-01-04 01:04:00
665,dataset_665,Audio,Critical,Processing,Description for dataset 665,Eve,2025-03-07 23:37:00
666,dataset_666,Tabular,Medium,Open,Description for dataset 666,Alice,2025-02-25 21:26:00
667,dataset_667,Sensor,Medium,Processing,Description for dataset 667,Charlie,2025-01-22 23:50:00
668,dataset_668,Sensor,Critical,Failed,Description for dataset 668,David,2025-02-12 20:50:00
669,dataset_669,Image,Critical,Failed,Description for dataset 669,Frank,2025-01-15 01:55:00
670,dataset_670,Image,Medium,Processing,Description for dataset 670,Grace,2025-02-13 03:11:00
671,dataset_671,Image,Medium,Failed,Description for dataset 671,Charlie,2025-01-07 22:27:00
672,dataset_672,Tabular,Medium,Processing,Description for dataset 672,Eve,2025-01-08 04:39:00
673,dataset_673,Video,High,Completed,Description for dataset 673,David,2025-02-09 01:46:00
674,dataset_674,Sensor,Critical,Open,Description for dataset 674,Alice,2025-03-10 10:30:00
675,dataset_675,Audio,Critical,Processing,Description for dataset 675,Bob,2025-02-28 18:07:00
676,dataset_676,Sensor,Medium,Completed,Description for dataset 676,Alice,2025-02-16 02:18:00
677,dataset_677,Video,Medium,Processing,Description for dataset 677,Eve,2025-01-01 20:55:00
678,dataset_678,Video,High,Processing,Description for dataset 678,Grace,2025-01-05 05:41:00
679,dataset_679,Text,Critical,Completed,Description for dataset 679,Alice,2025-02-02 00:24:00
680,dataset_680,Video,Critical,Processing,Description for dataset 680,Alice,2025-01-21 21:45:00
681,dataset_681,Image,Medium,Failed,Description for dataset 681,Eve,2025-01-26 17:02:00
682,dataset_682,Audio,Medium,Open,Description for dataset 682,Frank,2025-01-23 05:34:00
683,dataset_683,Text,Critical,Processing,Description for dataset 683,Grace,2025-03-11 11:58:00
684,dataset_684,Image,Critical,Open,Description for dataset 684,Grace,2025-03-27 12:48:00
685,dataset_685,Sensor,Medium,Processing,Description for dataset 685,Alice,2025-02-28 01:53:00
686,dataset_686,Sensor,Critical,Open,Description for dataset 686,Bob,2025-03-26 08:07:00
687,dataset_687,Tabular,High,Failed,Description for dataset 687,Eve,2025-02-03 08:02:00
688,dataset_688,Sensor,Critical,Processing,Description for dataset 688,Alice,2025-02-11 09:53:00
689,dataset_689,Image,Critical,Failed,Description for dataset 689,Bob,2025-02-19 13:58:00
690,dataset_690,Text,Low,Open,Description for dataset 690,Frank,2025-03-11 00:32:00
691,dataset_691,Video,Critical,Failed,Description for dataset 691,Frank,2025-02-16 07:03:00
692,dataset_692,Tabular,Medium,Processing,Description for dataset 692,Grace,2025-02-03 06:24:00
693,dataset_693,Audio,Medium,Processing,Description for dataset 693,Eve,2025-02-02 09:01:00
694,dataset_694,Image,Low,Open,Description for dataset 694,Charlie,2025-01-21 20:00:00
695,dataset_695,Video,Critical,Processing,Description for dataset 695,David,2025-02-27 02:51:00
696,dataset_696,Text,High,Failed,Description for dataset 696,Frank,2025-03-18 16:51:00
697,dataset_697,Video,Low,Processing,Description for dataset 697,Eve,2025-03-24 02:02:00
698,dataset_698,Text,High,Processing,Description for dataset 698,Eve,2025-02-17 08:34:00
699,dataset_699,Image,High,Processing,Description for dataset 699,Bob,2025-03-06 21:49:00
700,dataset_700,Video,Critical,Processing,Description for dataset 700,David,2025-03-02 22:47:00
701,dataset_701,Video,High,Completed,Description for dataset 701,Bob,2025-01-06 08:45:00
702,dataset_702,Tabular,Critical,Completed,Description for dataset 702,David,2025-02-14 19:20:00
703,dataset_703,Image,Low,Processing,Description for dataset 703,Eve,2025-01-21 20:22:00
704,dataset_704,Tabular,Medium,Completed,Description for dataset 704,Charlie,2025-02-05 03:03:00
705,dataset_705,Tabular,Medium,Failed,Description for dataset 705,Alice,2025-01-19 08:52:00
706,dataset_706,Video,Medium,Processing,Description for dataset 706,Bob,2025-01-16 07:44:00
707,dataset_707,Text,Low,Processing,Description for dataset 707,Charlie,2025-01-16 17:06:00
708,dataset_708,Image,Low,Open,Description for dataset 708,Frank,2025-03-15 10:14:00
709,dataset_709,Audio,Critical,Failed,Description for dataset 709,Eve,2025-02-01 10:05:00
710,dataset_710,Video,Low,Processing,Description for dataset 710,David,2025-03-21 10:28:00
711,dataset_711,Image,High,Open,Description for dataset 711,Alice,2025-03-31 00:42:00
712,dataset_712,Tabular,High,Processing,Description for dataset 712,Charlie,2025-03-13 11:13:00
713,dataset_713,Audio,High,Processing,Description for dataset 713,Eve,2025-01-24 09:47:00
714,dataset_714,Tabular,High,Open,Description for dataset 714,Bob,2025-03-09 03:26:00
715,dataset_715,Tabular,Critical,Processing,Description for dataset 715,Grace,2025-03-14 16:03:00
716,dataset_716,Video,Low,Completed,Description for dataset 716,David,2025-01-18 01:24:00
717,dataset_717,Video,High,Completed,Description for dataset 717,Bob,2025-02-01 22:27:00
718,dataset_718,Video,High,Completed,Description for dataset 718,Alice,2025-02-24 04:01:00
719,dataset_719,Text,Low,Completed,Description for dataset 719,Grace,2025-03-13 20:45:00
720,dataset_720,Video,High,Completed,Description for dataset 720,Charlie,2025-02-19 01:00:00
721,dataset_721,Text,High,Completed,Description for dataset 721,Bob,2025-03-23 19:53:00
722,dataset_722,Text,Low,Open,Description for dataset 722,Grace,2025-01-13 16:21:00
723,dataset_723,Audio,Low,Failed,Description for dataset 723,Frank,2025-03-10 20:20:00
724,dataset_724,Sensor,Medium,Processing,Description for dataset 724,Alice,2025-02-04 22:12:00
725,dataset_725,Sensor,Low,Failed,Description for dataset 725,Grace,2025-01-14 18:50:00
726,dataset_726,Image,Medium,Completed,Description for dataset 726,Grace,2025-03-30 17:59:00
727,dataset_727,Tabular,Medium,Processing,Description for dataset 727,Alice,2025-01-04 20:50:00
728,dataset_728,Video,Medium,Open,Description for dataset 728,Eve,2025-03-30 16:05:00
729,dataset_729,Text,Critical,Completed,Description for dataset 729,Bob,2025-02-13 12:28:00
730,dataset_730,Video,Critical,Open,Description for dataset 730,Eve,2025-01-26 02:25:00
731,dataset_731,Video,High,Completed,Description for dataset 731,Charlie,2025-01-25 02:53:00
732,dataset_732,Tabular,High,Completed,Description for dataset 732,Eve,2025-03-22 15:17:00
733,dataset_733,Video,Low,Open,Description for dataset 733,Alice,2025-01-27 19:09:00
734,dataset_734,Audio,Medium,Failed,Description for dataset 734,Alice,2025-01-20 18:45:00
735,dataset_735,Sensor,Low,Failed,Description for dataset 735,Eve,2025-01-27 06:35:00
736,dataset_736,Audio,Critical,Open,Description for dataset 736,Eve,2025-01-17 09:05:00
737,dataset_737,Tabular,Medium,Failed,Description for dataset 737,Frank,2025-01-23 04:10:00
738,dataset_738,Text,Medium,Open,Description for dataset 738,Bob,2025-02-25 16:21:00
739,dataset_739,Video,High,Open,Description for dataset 739,Charlie,2025-03-24 11:38:00
740,dataset_740,Text,High,Processing,Description for dataset 740,Charlie,2025-03-20 07:50:00
741,dataset_741,Sensor,Low,Open,Description for dataset 741,Eve,2025-03-02 03:00:00
742,dataset_742,Sensor,Medium,Open,Description for dataset 742,Alice,2025-01-28 02:54:00
743,dataset_743,Image,Medium,Failed,Description for dataset 743,Grace,2025-01-06 08:05:00
744,dataset_744,Sensor,Low,Open,Description for dataset 744,Eve,2025-01-08 15:49:00
745,dataset_745,Sensor,Critical,Completed,Description for dataset 745,David,2025-03-29 22:34:00
746,dataset_746,Tabular,Medium,Completed,Description for dataset 746,Frank,2025-02-02 07:06:00
747,dataset_747,Tabular,Low,Failed,Description for dataset 747,Charlie,2025-01-21 13:47:00
748,dataset_748,Sensor,High,Completed,Description for dataset 748,Frank,2025-01-09 10:15:00
749,dataset_749,Text,Medium,Completed,Description for dataset 749,Grace,2025-02-22 09:25:00
750,dataset_750,Audio,Low,Failed,Description for dataset 750,Frank,2025-02-19 02:15:00
751,dataset_751,Text,Medium,Processing,Description for dataset 751,Frank,2025-01-27 21:03:00
752,dataset_752,Text,Low,Open,Description for dataset 752,Bob,2025-01-07 22:19:00
753,dataset_753,Video,Critical,Completed,Description for dataset 753,Eve,2025-03-04 04:54:00
754,dataset_754,Sensor,Critical,Failed,Description for dataset 754,Grace,2025-03-17 11:26:00
755,dataset_755,Tabular,Critical,Open,Description for dataset 755,Frank,2025-02-18 04:16:00
756,dataset_756,Text,Critical,Failed,Description for dataset 756,Grace,2025-03-13 08:21:00
757,dataset_757,Tabular,Critical,Open,Description for dataset 757,David,2025-01-06 00:05:00
758,dataset_758,Video,Medium,Failed,Description for dataset 758,Charlie,2025-01-29 11:59:00
759,dataset_759,Video,Medium,Processing,Description for dataset 759,Frank,2025-01-04 22:35:00
760,dataset_760,Text,Low,Failed,Description for dataset 760,Charlie,2025-03-05 11:57:00
761,dataset_761,Video,Low,Failed,Description for dataset 761,Charlie,2025-03-10 11:16:00
762,dataset_762,Audio,High,Processing,Description for dataset 762,David,2025-01-28 17:39:00
763,dataset_763,Sensor,High,Processing,Description for dataset 763,Eve,2025-01-31 22:44:00
764,dataset_764,Image,Critical,Failed,Description for dataset 764,Charlie,2025-01-12 04:59:00
765,dataset_765,Video,Low,Completed,Description for dataset 765,Grace,2025-02-13 18:01:00
766,dataset_766,Tabular,High,Open,Description for dataset 766,Grace,2025-03-17 05:35:00
767,dataset_767,Video,High,Processing,Description for dataset 767,Frank,2025-01-17 15:58:00
768,dataset_768,Audio,Low,Failed,Description for dataset 768,Charlie,2025-03-05 23:50:00
769,dataset_769,Text,Critical,Completed,Description for dataset 769,Eve,2025-01-15 01:25:00
770,dataset_770,Tabular,Medium,Processing,Description for dataset 770,Alice,2025-03-08 00:14:00
771,dataset_771,Text,Medium,Failed,Description for dataset 771,Frank,2025-02-10 13:38:00
772,dataset_772,Video,Low,Processing,Description for dataset 772,Charlie,2025-02-01 12:48:00
773,dataset_773,Audio,Medium,Processing,Description for dataset 773,Charlie,2025-01-24 19:22:00
774,dataset_774,Sensor,High,Failed,Description for dataset 774,Frank,2025-02-24 05:11:00
775,dataset_775,Image,Medium,Failed,Description for dataset 775,Grace,2025-03-19 09:03:00
776,dataset_776,Video,Medium,Completed,Description for dataset 776,Bob,2025-01-14 15:56:00
777,dataset_777,Video,Critical,Open,Description for dataset 777,David,2025-02-10 17:02:00
778,dataset_778,Image,Low,Open,Description for dataset 778,Frank,2025-01-11 05:47:00
779,dataset_779,Audio,Medium,Open,Description for dataset 779,Eve,2025-01-31 20:07:00
780,dataset_780,Text,Low,Failed,Description for dataset 780,Eve,2025-01-07 17:01:00
781,dataset_781,Video,High,Processing,Description for dataset 781,David,2025-01-01 10:13:00
782,dataset_782,Text,High,Open,Description for dataset 782,Bob,2025-01-14 06:11:00
783,dataset_783,Tabular,Medium,Failed,Description for dataset 783,Charlie,2025-02-26 05:03:00
784,dataset_784,Audio,Low,Processing,Description for dataset 784,Charlie,2025-02-23 16:24:00
785,dataset_785,Sensor,Low,Completed,Description for dataset 785,Frank,2025-02-14 14:40:00
786,dataset_786,Image,Medium,Processing,Description for dataset 786,Bob,2025-02-20 11:42:00
787,dataset_787,Video,Critical,Failed,Description for dataset 787,Frank,2025-03-24 08:34:00
788,dataset_788,Sensor,High,Completed,Description for dataset 788,Grace,2025-01-03 15:11:00
789,dataset_789,Sensor,Low,Failed,Description for dataset 789,Grace,2025-03-06 16:35:00
790,dataset_790,Image,Low,Completed,Description for dataset 790,David,2025-03-19 14:33:00
791,dataset_791,Sensor,High,Completed,Description for dataset 791,Charlie,2025-03-31 04:10:00
792,dataset_792,Video,Low,Processing,Description for dataset 792,Grace,2025-01-09 00:30:00
793,dataset_793,Sensor,Critical,Completed,Description for dataset 793,David,2025-01-02 06:43:00
794,dataset_794,Sensor,Medium,Completed,Description for dataset 794,Frank,2025-03-10 21:44:00
795,dataset_795,Video,Low,Processing,Description for dataset 795,David,2025-02-23 20:22:00
796,dataset_796,Image,Critical,Failed,Description for dataset 796,Charlie,2025-03-05 20:58:00
797,dataset_797,Video,Low,Processing,Description for dataset 797,Charlie,2025-03-15 07:02:00
798,dataset_798,Tabular,Medium,Completed,Description for dataset 798,Bob,2025-01-08 04:29:00
799,dataset_799,Image,High,Failed,Description for dataset 799,Eve,2025-03-04 01:11:00
800,dataset_800,Sensor,High,Completed,Description for dataset 800,Frank,2025-01-23 04:43:00
801,dataset_801,Image,High,Open,Description for dataset 801,Grace,2025-03-05 20:42:00
802,dataset_802,Tabular,Medium,Failed,Description for dataset 802,Frank,2025-02-22 17:33:00
803,dataset_803,Image,High,Failed,Description for dataset 803,Charlie,2025-02-17 19:45:00
804,dataset_804,Tabular,High,Processing,Description for dataset 804,Charlie,2025-01-29 15:56:00
805,dataset_805,Audio,Medium,Failed,Description for dataset 805,David,2025-01-26 20:41:00
806,dataset_806,Sensor,High,Failed,Description for dataset 806,Bob,2025-01-25 13:55:00
807,dataset_807,Tabular,Medium,Processing,Description for dataset 807,Bob,2025-03-29 23:38:00
808,dataset_808,Tabular,Critical,Processing,Description for dataset 808,Eve,2025-03-07 00:35:00
809,dataset_809,Audio,Low,Open,Description for dataset 809,Frank,2025-02-05 18:06:00
810,dataset_810,Video,High,Failed,Description for dataset 810,Bob,2025-03-18 15:20:00
811,dataset_811,Video,Critical,Open,Description for dataset 811,David,2025-03-11 05:03:00
812,dataset_812,Sensor,High,Open,Description for dataset 812,Eve,2025-03-11 00:47:00
813,dataset_813,Image,Low,Processing,Description for dataset 813,Bob,2025-03-12 09:06:00
814,dataset_814,Image,Medium,Open,Description for dataset 814,Bob,2025-03-26 05:18:00
815,dataset_815,Sensor,Critical,Failed,Description for dataset 815,Grace,2025-03-01 13:49:00
816,dataset_816,Video,Critical,Processing,Description for dataset 816,Charlie,2025-01-13 04:52:00
817,dataset_817,Image,Medium,Completed,Description for dataset 817,Eve,2025-01-13 06:11:00
818,dataset_818,Text,Medium,Completed,Description for dataset 818,Frank,2025-03-05 03:17:00
819,dataset_819,Audio,Low,Open,Description for dataset 819,Bob,2025-01-28 13:50:00
820,dataset_820,Sensor,Low,Open,Description for dataset 820,Eve,2025-02-08 00:45:00
821,dataset_821,Sensor,Critical,Completed,Description for dataset 821,Grace,2025-03-20 17:49:00
822,dataset_822,Video,High,Processing,Description for dataset 822,David,2025-02-18 20:54:00
823,dataset_823,Text,High,Open,Description for dataset 823,Alice,2025-03-13 06:22:00
824,dataset_824,Tabular,Medium,Completed,Description for dataset 824,Alice,2025-01-26 16:17:00
825,dataset_825,Text,Medium,Open,Description for dataset 825,Eve,2025-03-07 02:40:00
826,dataset_826,Text,High,Open,Description for dataset 826,Eve,2025-02-01 01:05:00
827,dataset_827,Audio,Critical,Failed,Description for dataset 827,Bob,2025-02-01 05:45:00
828,dataset_828,Video,Low,Completed,Description for dataset 828,Alice,2025-02-05 07:37:00
829,dataset_829,Tabular,Medium,Failed,Description for dataset 829,Grace,2025-01-25 08:55:00
830,dataset_830,Sensor,Low,Failed,Description for dataset 830,Eve,2025-03-25 10:17:00
831,dataset_831,Video,High,Failed,Description for dataset 831,Frank,2025-01-25 08:15:00
832,dataset_832,Video,Medium,Failed,Description for dataset 832,Eve,2025-03-10 14:47:00
833,dataset_833,Image,High,Failed,Description for dataset 833,Charlie,2025-01-17 21:57:00
834,dataset_834,Tabular,Critical,Failed,Description for dataset 834,Frank,2025-02-27 14:09:00
835,dataset_835,Image,High,Open,Description for dataset 835,David,2025-02-05 07:43:00
836,dataset_836,Video,High,Completed,Description for dataset 836,David,2025-01-01 23:28:00
837,dataset_837,Image,High,Processing,Description for dataset 837,Bob,2025-03-16 21:50:00
838,dataset_838,Audio,Medium,Processing,Description for dataset 838,Grace,2025-01-22 10:18:00
839,dataset_839,Image,High,Processing,Description for dataset 839,David,2025-03-18 21:38:00
840,dataset_840,Audio,Low,Failed,Description for dataset 840,Grace,2025-01-23 12:55:00
841,dataset_841,Sensor,Low,Completed,Description for dataset 841,David,2025-02-22 19:45:00
842,dataset_842,Text,High,Processing,Description for dataset 842,David,2025-03-13 15:06:00
843,dataset_843,Text,High,Completed,Description for dataset 843,Alice,2025-01-15 08:37:00
844,dataset_844,Audio,Medium,Completed,Description for dataset 844,Grace,2025-03-09 02:40:00
845,dataset_845,Sensor,High,Completed,Description for dataset 845,Alice,2025-02-19 21:03:00
846,dataset_846,Image,Low,Completed,Description for dataset 846,Eve,2025-03-04 22:49:00
847,dataset_847,Audio,High,Failed,Description for dataset 847,Frank,2025-01-18 18:35:00
848,dataset_848,Text,Medium,Failed,Description for dataset 848,Charlie,2025-02-20 15:14:00
849,dataset_849,Tabular,Critical,Completed,Description for dataset 849,Alice,2025-03-04 14:14:00
850,dataset_850,Video,Medium,Failed,Description for dataset 850,Grace,2025-03-16 01:12:00
851,dataset_851,Text,High,Failed,Description for dataset 851,Eve,2025-01-30 23:43:00
852,dataset_852,Tabular,Critical,Completed,Description for dataset 852,David,2025-02-07 19:16:00
853,dataset_853,Tabular,Medium,Failed,Description for dataset 853,Alice,2025-03-02 13:51:00
854,dataset_854,Sensor,Low,Open,Description for dataset 854,Charlie,2025-02-24 12:32:00
855,dataset_855,Text,Medium,Processing,Description for dataset 855,Charlie,2025-02-25 16:47:00
856,dataset_856,Audio,Critical,Failed,Description for dataset 856,Bob,2025-01-24 14:07:00
857,dataset_857,Tabular,Medium,Open,Description for dataset 857,Alice,2025-03-25 11:28:00
858,dataset_858,Audio,Low,Failed,Description for dataset 858,Frank,2025-02-09 14:06:00
859,dataset_859,Text,High,Processing,Description for dataset 859,Eve,2025-03-23 19:34:00
860,dataset_860,Tabular,High,Open,Description for dataset 860,Frank,2025-02-02 06:21:00
861,dataset_861,Audio,Low,Open,Description for dataset 861,Charlie,2025-01-25 09:23:00
862,dataset_862,Tabular,High,Failed,Description for dataset 862,Alice,2025-03-20 20:30:00
863,dataset_863,Image,High,Processing,Description for dataset 863,Grace,2025-03-13 18:57:00
864,dataset_864,Sensor,Critical,Open,Description for dataset 864,David,2025-01-17 12:05:00
865,dataset_865,Image,Low,Processing,Description for dataset 865,Eve,2025-03-21 12:04:00
866,dataset_866,Video,Low,Processing,Description for dataset 866,David,2025-03-09 08:11:00
867,dataset_867,Video,Critical,Open,Description for dataset 867,Alice,2025-01-26 11:18:00
868,dataset_868,Tabular,Low,Failed,Description for dataset 868,Grace,2025-02-23 12:29:00
869,dataset_869,Video,Low,Failed,Description for dataset 869,Bob,2025-02-18 02:14:00
870,dataset_870,Image,Medium,Completed,Description for dataset 870,Eve,2025-03-09 06:13:00
871,dataset_871,Sensor,Medium,Open,Description for dataset 871,Grace,2025-03-01 15:34:00
872,dataset_872,Sensor,Low,Completed,Description for dataset 872,Eve,2025-02-05 03:20:00
873,dataset_873,Image,Critical,Open,Description for dataset 873,Bob,2025-03-11 02:21:00
874,dataset_874,Audio,High,Failed,Description for dataset 874,Grace,2025-02-21 08:03:00
875,dataset_875,Audio,High,Open,Description for dataset 875,Alice,2025-01-22 16:21:00
876,dataset_876,Image,Critical,Failed,Description for dataset 876,Alice,2025-02-09 21:46:00
877,dataset_877,Video,Low,Processing,Description for dataset 877,Grace,2025-01-29 18:26:00
878,dataset_878,Tabular,Low,Processing,Description for dataset 878,Frank,2025-03-16 12:57:00
879,dataset_879,Audio,Low,Open,Description for dataset 879,Frank,2025-03-03 11:38:00
880,dataset_880,Audio,Low,Open,Description for dataset 880,Charlie,2025-01-01 13:52:00
881,dataset_881,Tabular,Medium,Failed,Description for dataset 881,Alice,2025-02-05 01:53:00
882,dataset_882,Audio,Critical,Processing,Description for dataset 882,Bob,2025-01-09 19:13:00
883,dataset_883,Text,High,Completed,Description for dataset 883,Alice,2025-03-24 21:13:00
884,dataset_884,Image,Critical,Completed,Description for dataset 884,Eve,2025-01-09 05:07:00
885,dataset_885,Text,High,Processing,Description for dataset 885,Bob,2025-01-20 03:28:00
886,dataset_886,Sensor,Critical,Completed,Description for dataset 886,Charlie,2025-02-01 12:41:00
887,dataset_887,Text,Critical,Open,Description for dataset 887,Grace,2025-03-20 12:44:00
888,dataset_888,Image,Medium,Processing,Description for dataset 888,Grace,2025-02-22 11:09:00
889,dataset_889,Video,Critical,Completed,Description for dataset 889,Alice,2025-03-03 22:43:00
890,dataset_890,Text,Critical,Open,Description for dataset 890,Charlie,2025-01-08 02:07:00
891,dataset_891,Image,High,Processing,Description for dataset 891,Charlie,2025-01-01 08:44:00
892,dataset_892,Audio,Medium,Open,Description for dataset 892,Bob,2025-02-09 20:22:00
893,dataset_893,Image,High,Failed,Description for dataset 893,Bob,2025-02-18 04:43:00
894,dataset_894,Text,Critical,Completed,Description for dataset 894,Bob,2025-01-08 04:34:00
895,dataset_895,Text,Low,Completed,Description for dataset 895,David,2025-01-04 01:58:00
896,dataset_896,Image,Critical,Completed,Description for dataset 896,Eve,2025-01-07 22:51:00
897,dataset_897,Tabular,High,Processing,Description for dataset 897,Charlie,2025-02-25 05:08:00
898,dataset_898,Sensor,High,Processing,Description for dataset 898,Alice,2025-02-21 15:29:00
899,dataset_899,Video,Low,Processing,Description for dataset 899,Charlie,2025-03-02 01:55:00
900,dataset_900,Tabular,Low,Completed,Description for dataset 900,Eve,2025-02-17 19:09:00
901,dataset_901,Tabular,High,Open,Description for dataset 901,David,2025-01-24 15:59:00
902,dataset_902,Tabular,High,Open,Description for dataset 902,Grace,2025-03-19 21:31:00
903,dataset_903,Text,Medium,Open,Description for dataset 903,Eve,2025-01-23 21:47:00
904,dataset_904,Tabular,High,Failed,Description for dataset 904,Eve,2025-03-09 16:39:00
905,dataset_905,Video,Low,Open,Description for dataset 905,Frank,2025-03-31 02:10:00
906,dataset_906,Text,High,Completed,Description for dataset 906,Bob,2025-03-02 05:09:00
907,dataset_907,Video,Medium,Failed,Description for dataset 907,Charlie,2025-03-02 14:50:00
908,dataset_908,Audio,Low,Open,Description for dataset 908,Charlie,2025-03-31 04:35:00
909,dataset_909,Image,Medium,Failed,Description for dataset 909,Eve,2025-03-04 10:20:00
910,dataset_910,Sensor,Low,Failed,Description for dataset 910,Bob,2025-03-23 12:13:00
911,dataset_911,Tabular,Medium,Processing,Description for dataset 911,Eve,2025-01-05 04:59:00
912,dataset_912,Video,Medium,Processing,Description for dataset 912,David,2025-02-15 18:53:00
913,dataset_913,Audio,High,Failed,Description for dataset 913,Eve,2025-01-26 22:15:00
914,dataset_914,Tabular,Medium,Open,Description for dataset 914,Charlie,2025-01-22 18:47:00
915,dataset_915,Text,Medium,Completed,Description for dataset 915,Alice,2025-01-20 13:34:00
916,dataset_916,Text,Medium,Processing,Description for dataset 916,Frank,2025-02-20 05:10:00
917,dataset_917,Video,High,Processing,Description for dataset 917,Frank,2025-03-17 04:13:00
918,dataset_918,Text,Low,Open,Description for dataset 918,Charlie,2025-03-28 10:19:00
919,dataset_919,Image,Low,Failed,Description for dataset 919,Bob,2025-02-08 06:31:00
920,dataset_920,Text,High,Processing,Description for dataset 920,Bob,2025-02-27 11:29:00
921,dataset_921,Audio,High,Failed,Description for dataset 921,Bob,2025-03-14 06:01:00
922,dataset_922,Image,Critical,Processing,Description for dataset 922,Bob,2025-01-07 06:59:00
923,dataset_923,Audio,Low,Completed,Description for dataset 923,Eve,2025-01-23 22:24:00
924,dataset_924,Video,Medium,Completed,Description for dataset 924,Frank,2025-02-10 05:26:00
925,dataset_925,Video,High,Completed,Description for dataset 925,Bob,2025-03-06 17:53:00
926,dataset_926,Sensor,Medium,Processing,Description for dataset 926,David,2025-02-01 11:47:00
927,dataset_927,Video,High,Completed,Description for dataset 927,Bob,2025-01-07 09:26:00
928,dataset_928,Tabular,Medium,Failed,Description for dataset 928,Bob,2025-02-26 02:27:00
929,dataset_929,Video,Low,Open,Description for dataset 929,Grace,2025-01-20 18:31:00
930,dataset_930,Image,High,Failed,Description for dataset 930,Eve,2025-03-03 09:50:00
931,dataset_931,Sensor,Medium,Completed,Description for dataset 931,Frank,2025-03-07 19:59:00
932,dataset_932,Sensor,Low,Open,Description for dataset 932,Charlie,2025-03-27 18:37:00
933,dataset_933,Tabular,High,Processing,Description for dataset 933,Grace,2025-03-05 08:15:00
934,dataset_934,Sensor,Critical,Failed,Description for dataset 934,Charlie,2025-01-16 00:10:00
935,dataset_935,Text,High,Completed,Description for dataset 935,David,2025-01-16 02:14:00
936,dataset_936,Image,High,Processing,Description for dataset 936,Bob,2025-01-02 02:40:00
937,dataset_937,Audio,Critical,Completed,Description for dataset 937,Charlie,2025-01-10 09:31:00
938,dataset_938,Text,Critical,Completed,Description for dataset 938,Alice,2025-01-12 03:27:00
939,dataset_939,Image,Medium,Completed,Description for dataset 939,David,2025-01-24 14:30:00
940,dataset_940,Video,Critical,Completed,Description for dataset 940,Alice,2025-02-21 01:03:00
941,dataset_941,Tabular,Medium,Open,Description for dataset 941,Bob,2025-03-04 20:20:00
942,dataset_942,Image,High,Open,Description for dataset 942,Grace,2025-01-23 19:42:00
943,dataset_943,Sensor,High,Processing,Description for dataset 943,Bob,2025-02-01 10:01:00
944,dataset_944,Tabular,Medium,Completed,Description for dataset 944,Alice,2025-03-27 16:03:00
945,dataset_945,Sensor,Critical,Failed,Description for dataset 945,Frank,2025-02-21 04:33:00
946,dataset_946,Sensor,Medium,Processing,Description for dataset 946,Bob,2025-03-11 10:38:00
947,dataset_947,Image,Critical,Processing,Description for dataset 947,Grace,2025-01-04 11:01:00
948,dataset_948,Audio,Medium,Processing,Description for dataset 948,Frank,2025-01-20 04:21:00
949,dataset_949,Image,High,Open,Description for dataset 949,Grace,2025-01-16 23:53:00
950,dataset_950,Sensor,High,Completed,Description for dataset 950,Grace,2025-03-12 07:56:00
951,dataset_951,Tabular,Critical,Open,Description for dataset 951,Alice,2025-01-10 23:44:00
952,dataset_952,Audio,Medium,Failed,Description for dataset 952,David,2025-03-08 17:11:00
953,dataset_953,Video,High,Completed,Description for dataset 953,Alice,2025-03-08 04:49:00
954,dataset_954,Tabular,Critical,Open,Description for dataset 954,Grace,2025-03-15 10:00:00
955,dataset_955,Video,Critical,Processing,Description for dataset 955,Eve,2025-02-06 20:21:00
956,dataset_956,Sensor,Critical,Failed,Description for dataset 956,David,2025-02-14 08:25:00
957,dataset_957,Text,Medium,Completed,Description for dataset 957,David,2025-02-15 04:36:00
958,dataset_958,Tabular,Critical,Failed,Description for dataset 958,Charlie,2025-03-25 03:50:00
959,dataset_959,Sensor,High,Open,Description for dataset 959,Eve,2025-02-15 22:30:00
960,dataset_960,Video,High,Completed,Description for dataset 960,David,2025-01-26 21:10:00
961,dataset_961,Audio,Critical,Completed,Description for dataset 961,Alice,2025-03-26 07:06:00
962,dataset_962,Video,Critical,Completed,Description for dataset 962,Grace,2025-03-05 17:35:00
963,dataset_963,Image,Low,Open,Description for dataset 963,Eve,2025-01-15 18:27:00
964,dataset_964,Sensor,Critical,Open,Description for dataset 964,David,2025-03-20 09:47:00
965,dataset_965,Video,Critical,Processing,Description for dataset 965,David,2025-01-03 20:14:00
966,dataset_966,Audio,Critical,Processing,Description for dataset 966,Frank,2025-03-25 01:01:00
967,dataset_967,Tabular,Critical,Completed,Description for dataset 967,Bob,2025-01-13 10:18:00
968,dataset_968,Tabular,Critical,Completed,Description for dataset 968,Frank,2025-01-17 21:24:00
969,dataset_969,Sensor,Critical,Completed,Description for dataset 969,Grace,2025-03-26 08:28:00
970,dataset_970,Text,Critical,Failed,Description for dataset 970,Bob,2025-03-05 16:11:00
971,dataset_971,Audio,Low,Processing,Description for dataset 971,Frank,2025-03-09 12:43:00
972,dataset_972,Text,Medium,Failed,Description for dataset 972,David,2025-02-07 10:54:00
973,dataset_973,Tabular,Low,Completed,Description for dataset 973,Grace,2025-03-24 21:42:00
974,dataset_974,Text,Critical,Failed,Description for dataset 974,Eve,2025-03-20 11:18:00
975,dataset_975,Text,High,Completed,Description for dataset 975,David,2025-01-19 07:05:00
976,dataset_976,Audio,Medium,Failed,Description for dataset 976,Grace,2025-01-14 06:49:00
977,dataset_977,Audio,Low,Open,Description for dataset 977,Frank,2025-03-06 06:35:00
978,dataset_978,Tabular,Low,Open,Description for dataset 978,David,2025-01-07 02:07:00
979,dataset_979,Image,High,Completed,Description for dataset 979,Alice,2025-01-14 14:59:00
980,dataset_980,Video,High,Open,Description for dataset 980,Grace,2025-01-10 12:57:00
981,dataset_981,Sensor,High,Open,Description for dataset 981,Bob,2025-03-16 14:17:00
982,dataset_982,Image,Medium,Processing,Description for dataset 982,David,2025-02-02 20:52:00
983,dataset_983,Audio,Low,Processing,Description for dataset 983,Frank,2025-02-02 05:29:00
984,dataset_984,Tabular,High,Processing,Description for dataset 984,Frank,2025-02-24 21:52:00
985,dataset_985,Sensor,Critical,Open,Description for dataset 985,Bob,2025-01-14 23:10:00
986,dataset_986,Tabular,High,Failed,Description for dataset 986,Grace,2025-01-09 02:37:00
987,dataset_987,Text,Medium,Open,Description for dataset 987,Alice,2025-03-31 00:39:00
988,dataset_988,Video,Low,Completed,Description for dataset 988,Grace,2025-01-20 19:43:00
989,dataset_989,Image,Low,Open,Description for dataset 989,David,2025-01-29 11:06:00
990,dataset_990,Sensor,Medium,Failed,Description for dataset 990,Eve,2025-03-23 09:59:00
991,dataset_991,Video,High,Open,Description for dataset 991,Alice,2025-02-24 21:49:00
992,dataset_992,Sensor,High,Processing,Description for dataset 992,Charlie,2025-01-28 06:57:00
993,dataset_993,Sensor,Low,Completed,Description for dataset 993,Frank,2025-02-19 13:30:00
994,dataset_994,Image,Critical,Open,Description for dataset 994,Grace,2025-02-09 14:38:00
995,dataset_995,Video,Low,Completed,Description for dataset 995,Grace,2025-03-16 13:17:00
996,dataset_996,Image,Low,Completed,Description for dataset 996,Charlie,2025-03-22 07:38:00
997,dataset_997,Text,Critical,Completed,Description for dataset 997,David,2025-02-27 10:37:00
998,dataset_998,Image,High,Completed,Description for dataset 998,Alice,2025-03-29 16:09:00
999,dataset_999,Tabular,Medium,Open,Description for dataset 999,Frank,2025-02-01 22:54:00
1000,dataset_1000,Audio,Critical,Open,Description for dataset 1000,Alice,2025-01-22 18:47:00
